날짜,시간,타입,대분류,소분류,내용,금액,화폐,결제수단,메모
2026-08-11,05:29,이체,이체,미분류,*****,1,KRW,신한 주거래 우대통장(S-lite),
2026-08-11,04:03,이체,현금,미분류,AYE CHAN TUN,450000,KRW,저축예금,
2026-08-10,20:03,지출,온라인쇼핑,홈쇼핑,주식회사 코리아성지,-41790,KRW,Air One (에어원) 스카이패스,
2026-08-10,18:27,지출,금융,이자/대출,한국장학재단,-68791,KRW,신한 주거래 우대통장(S-lite),
2026-08-10,18:27,지출,금융,이자/대출,한국장학재단,-59515,KRW,신한 주거래 우대통장(S-lite),
2026-08-10,18:27,지출,금융,이자/대출,한국장학재단,-59981,KRW,신한 주거래 우대통장(S-lite),
2026-08-10,16:15,지출,생활,마트,신세계마트,-6780,KRW,Air One (에어원) 스카이패스,
2026-08-10,14:18,지출,생활,생필품,주식회사 아성다이소,-7000,KRW,Air One (에어원) 스카이패스,
2026-08-10,12:56,지출,카페/간식,베이커리,도레도레,-11600,KRW,Air One (에어원) 스카이패스,
2026-08-10,08:52,이체,현금,미분류,004.안연심,-450000,KRW,신한 주거래 우대통장(S-lite),
2026-08-10,08:01,지출,주거/통신,휴대폰,LG  U+통신요금  자동이체,-26900,KRW,Air One (에어원) 스카이패스,
2026-08-10,07:08,지출,경조/선물,회비,국민의힘당비,-1000,KRW,신한 주거래 우대통장(S-lite),
2026-08-10,07:01,지출,온라인쇼핑,인터넷쇼핑,인천가스2608,-22330,KRW,신한 주거래 우대통장(S-lite),
2026-08-10,01:50,지출,교통,대중교통,(주)티머니지하철,-1550,KRW,라이언 치즈 체크카드,
2026-08-09,13:55,지출,식비,한식,반궁 송도트리플스트리트,-25800,KRW,Air One (에어원) 스카이패스,
2026-08-09,13:48,지출,문화/여가,도서,주식회사헤르메스(송도트리플스트리트점),-37800,KRW,Air One (에어원) 스카이패스,
2026-08-09,13:09,지출,패션/쇼핑,아울렛/몰,현대아울렛 송도점,-55700,KRW,Air One (에어원) 스카이패스,
2026-08-09,12:55,지출,온라인쇼핑,결제/충전,이니시스,-1500,KRW,Air One (에어원) 스카이패스,
2026-08-09,08:49,지출,교육/학습,학습교재,웅진씽크빅,-43056,KRW,Air One (에어원) 스카이패스,
2026-08-08,01:35,지출,금융,이자/대출,한도대출이자,-239203,KRW,저축예금,
2026-08-08,00:37,지출,여행/숙박,숙박비,호텔롯데,-338800,KRW,Air One (에어원) 스카이패스,
2026-08-07,16:39,지출,금융,증권/투자,ATM(46-9441),-300000,KRW,NH주거래우대통장,
2026-08-07,16:18,이체,이체,미분류,THIDATUN,500000,KRW,NH주거래우대통장,
2026-08-07,04:57,지출,자동차,통행료,서울터널,-2700,KRW,HYUNDAI BLUE members Family M2 Edition2(현대자동차_하이패스),
2026-08-07,04:57,지출,자동차,통행료,한국도로공사,-900,KRW,HYUNDAI BLUE members Family M2 Edition2(현대자동차_하이패스),
2026-08-06,13:51,지출,온라인쇼핑,홈쇼핑,주식회사 코리아성지,-16220,KRW,Air One (에어원) 스카이패스,
2026-08-06,12:24,지출,온라인쇼핑,홈쇼핑,주식회사 코리아성지,-16780,KRW,Air One (에어원) 스카이패스,
2026-08-06,10:55,지출,온라인쇼핑,인터넷쇼핑,주식회사 카카오,-12000,KRW,카카오페이 간편결제,
2026-08-06,10:55,이체,이체,미분류,카카오페이,-10000,KRW,신한 주거래 우대통장(S-lite),
2026-08-06,10:17,지출,자동차,통행료,한국도로공사,-2400,KRW,카카오페이 간편결제,
2026-08-06,10:17,이체,이체,미분류,카카오페이,-10000,KRW,신한 주거래 우대통장(S-lite),
2026-08-05,23:34,이체,이체,미분류,카카오페이,-55365,KRW,신한 주거래 우대통장(S-lite),
2026-08-05,23:34,지출,온라인쇼핑,인터넷쇼핑,ALIPAY CONNECT PTE. LTD,-69569,KRW,카카오페이 간편결제,
2026-08-05,12:09,지출,교통,택시,이동의즐거움_택시_0,-7900,KRW,Air One (에어원) 스카이패스,
2026-08-05,11:07,지출,생활,편의점,씨유(CU) 다운타운점,-2200,KRW,Air One (에어원) 스카이패스,
2026-08-05,07:55,이체,현금,미분류,THIDA TUN,-30000000,KRW,저축예금,
2026-08-05,00:00,지출,교통,대중교통,모바일_삼성페이_후불지하철,-1550,KRW,Air One (에어원) 스카이패스,
2026-08-04,20:19,이체,이체,미분류,송금 취소 내역,-6400,KRW,카카오페이 머니,
2026-08-04,20:14,지출,금융,은행,송금 내역,-6400,KRW,카카오페이 머니,
2026-08-04,20:14,이체,이체,미분류,카카오페이,-10000,KRW,신한 주거래 우대통장(S-lite),
2026-08-04,14:52,지출,온라인쇼핑,홈쇼핑,주식회사 코리아성지,-18940,KRW,Air One (에어원) 스카이패스,
2026-08-04,14:23,지출,의료/건강,치과,연세세브란스치과의원,-21100,KRW,Air One (에어원) 스카이패스,
2026-08-04,07:40,지출,자동차,통행료,서울터널,-5400,KRW,HYUNDAI BLUE members Family M2 Edition2(현대자동차_하이패스),
2026-08-03,18:08,이체,이체,미분류,이용순,-300000,KRW,저축예금,
2026-08-02,14:43,지출,문화/여가,테마파크,(주)엠비씨플레이비,-11200,KRW,Air One (에어원) 스카이패스,
2026-08-01,05:07,지출,주거/통신,휴대폰,자동결제2_다날1,-3483,KRW,Air One (에어원) 스카이패스,
2026-07-31,18:48,지출,온라인쇼핑,홈쇼핑,주식회사 코리아성지,-2790,KRW,Air One (에어원) 스카이패스,
2026-07-31,08:42,이체,현금,미분류,004.송영애,-870000,KRW,신한 주거래 우대통장(S-lite),
2026-07-31,00:00,지출,교통,대중교통,모바일_삼성페이_후불지하철,-1950,KRW,Air One (에어원) 스카이패스,
2026-07-31,00:00,지출,온라인쇼핑,인터넷쇼핑,주식회사 스튜디오씨에스,154200,KRW,Air One (에어원) 스카이패스,
2026-07-30,19:38,지출,온라인쇼핑,홈쇼핑,주식회사 코리아성지,-72390,KRW,Air One (에어원) 스카이패스,
2026-07-29,16:09,지출,의료/건강,치과,연세세브란스치과의원,-9500,KRW,Air One (에어원) 스카이패스,
2026-07-28,18:48,지출,자동차,주차,아마노코리아(주),-3500,KRW,Air One (에어원) 스카이패스,
2026-07-27,19:19,지출,금융,보험,NH손보109회,-43470,KRW,신한 주거래 우대통장(S-lite),
2026-07-27,18:55,지출,금융,카드,현대카드(주),-1483051,KRW,신한 주거래 우대통장(S-lite),
2026-07-27,18:55,지출,금융,카드,현대카드(주),-54100,KRW,신한 주거래 우대통장(S-lite),
2026-07-27,18:53,이체,카드대금,미분류,KB카드출금,-98300,KRW,신한 주거래 우대통장(S-lite),
2026-07-27,18:41,지출,금융,이자/대출,한국장학재단,-58428,KRW,신한 주거래 우대통장(S-lite),
2026-07-27,18:12,이체,카드대금,미분류,신한카드,-1877800,KRW,신한 주거래 우대통장(S-lite),
2026-07-27,15:31,지출,경조/선물,선물,우일플라워,-35000,KRW,Air One (에어원) 스카이패스,
2026-07-27,15:23,지출,주거/통신,관리비,KB아파트관리비,-296180,KRW,KT DC Plus KB국민카드,
2026-07-27,15:00,지출,교육/학습,학습교재,(주)웅진씽크빅,-99000,KRW,Air One (에어원) 스카이패스,
2026-07-27,11:48,지출,카페/간식,커피/음료,주식회사 논탄토,-12000,KRW,Air One (에어원) 스카이패스,
2026-07-27,09:37,이체,이체,미분류,이용순,-100000,KRW,신한 주거래 우대통장(S-lite),
2026-07-27,09:20,이체,이체,미분류,이용순,100000,KRW,신한 주거래 우대통장(S-lite),
2026-07-27,06:04,지출,금융,증권/투자,311243546349,-77260,KRW,신한 주거래 우대통장(S-lite),
2026-07-27,06:04,지출,여행/숙박,항공권,311234455656,-47408,KRW,신한 주거래 우대통장(S-lite),
2026-07-27,00:00,지출,교통,대중교통,모바일_삼성페이_후불지하철,-3100,KRW,Air One (에어원) 스카이패스,
2026-07-26,20:28,지출,온라인쇼핑,홈쇼핑,주식회사 코리아성지,-35540,KRW,Air One (에어원) 스카이패스,
2026-07-26,12:39,지출,금융,은행,송금 내역,-100000,KRW,카카오페이 머니,
2026-07-26,12:39,이체,이체,미분류,카카오페이,-10000,KRW,신한 주거래 우대통장(S-lite),
2026-07-26,05:59,지출,온라인쇼핑,인터넷쇼핑,당근페이,-500000,KRW,Air One (에어원) 스카이패스,
2026-07-26,00:31,지출,온라인쇼핑,결제/충전,나이스정보통신 주식회사,-10000,KRW,카카오페이 간편결제,
2026-07-25,04:02,수입,금융수입,미분류,이자,1,KRW,MY 입출금통장,
2026-07-25,01:05,지출,온라인쇼핑,서비스구독,Netflix.com,-17000,KRW,Air One (에어원) 스카이패스,
2026-07-25,00:45,지출,여행/숙박,여행,카모아 - 렌트카 가격비교 1등,-86,KRW,네이버페이 간편결제(포인트),
2026-07-25,00:45,지출,여행/숙박,여행,카모아 - 렌트카 가격비교 1등,-189594,KRW,네이버페이 간편결제,
2026-07-24,14:49,지출,온라인쇼핑,결제/충전,스튜디오씨에스_인증,-154200,KRW,Air One (에어원) 스카이패스,
2026-07-24,14:31,지출,카페/간식,커피/음료,스타벅스_충전,-10000,KRW,Air One (에어원) 스카이패스,
2026-07-24,13:53,지출,여행/숙박,항공권,Trinity Airways,-883545,KRW,토스 간편결제,
2026-07-24,13:39,지출,여행/숙박,항공권,트리니티항공,86,KRW,네이버페이 간편결제(포인트),
2026-07-24,13:39,지출,여행/숙박,항공권,트리니티항공,1078114,KRW,네이버페이 간편결제,
2026-07-24,12:22,지출,여행/숙박,항공권,트리니티항공,-86,KRW,네이버페이 간편결제(포인트),
2026-07-24,12:22,지출,여행/숙박,항공권,트리니티항공,-1078114,KRW,네이버페이 간편결제,
2026-07-24,00:00,지출,교통,대중교통,모바일_삼성페이_후불지하철,-3900,KRW,Air One (에어원) 스카이패스,
2026-07-24,00:00,지출,교통,대중교통,모바일_삼성페이_후불버스,-1500,KRW,Air One (에어원) 스카이패스,
2026-07-23,18:46,지출,온라인쇼핑,홈쇼핑,주식회사 코리아성지,-29110,KRW,Air One (에어원) 스카이패스,
2026-07-23,18:43,지출,온라인쇼핑,서비스구독,유튜브프리미엄,-14900,KRW,Air One (에어원) 스카이패스,
2026-07-23,15:22,지출,자동차,미분류,공공서비스,-900,KRW,Air One (에어원) 스카이패스,
2026-07-23,14:33,지출,뷰티/미용,헤어샵,하르르,-9000,KRW,Air One (에어원) 스카이패스,
2026-07-23,08:06,지출,뷰티/미용,헤어샵,하르르헤어,-363,KRW,네이버페이 간편결제(포인트),
2026-07-23,08:06,지출,뷰티/미용,헤어샵,하르르헤어,-8637,KRW,네이버페이 간편결제,
2026-07-22,14:58,수입,급여,미분류,환급인천부평구,1100,KRW,신한 주거래 우대통장(S-lite),
2026-07-22,04:41,지출,자동차,통행료,서울터널,-5400,KRW,HYUNDAI BLUE members Family M2 Edition2(현대자동차_하이패스),
2026-07-22,04:41,지출,자동차,통행료,한국도로공사,-900,KRW,HYUNDAI BLUE members Family M2 Edition2(현대자동차_하이패스),
2026-07-22,00:00,지출,교통,대중교통,모바일_삼성페이_후불지하철,-1550,KRW,Air One (에어원) 스카이패스,
2026-07-21,17:03,이체,이체,미분류,송영애,30000,KRW,신한 주거래 우대통장(S-lite),
2026-07-21,16:48,지출,온라인쇼핑,인터넷쇼핑,주식회사 카카오,-12000,KRW,카카오페이 간편결제,
2026-07-21,13:16,수입,급여,미분류,육아급여고용부,2000000,KRW,신한 주거래 우대통장(S-lite),
2026-07-20,19:33,지출,온라인쇼핑,홈쇼핑,주식회사 코리아성지,-66330,KRW,Air One (에어원) 스카이패스,
2026-07-20,07:10,지출,금융,보험,KB손024 07,-13000,KRW,신한 주거래 우대통장(S-lite),
2026-07-18,20:44,지출,온라인쇼핑,결제/충전,스마트로(비),-2400,KRW,Air One (에어원) 스카이패스,
2026-07-18,20:42,지출,자녀/육아,놀이/체험,쁘띠몽드 마포중앙도서관점,-42800,KRW,Air One (에어원) 스카이패스,
2026-07-18,18:13,지출,카페/간식,커피/음료,키오스크_KICC_4,-6400,KRW,Air One (에어원) 스카이패스,
2026-07-18,12:18,지출,온라인쇼핑,홈쇼핑,주식회사 코리아성지,-67730,KRW,Air One (에어원) 스카이패스,
2026-07-17,18:49,이체,이체,미분류,정지선,-5400,KRW,신한 주거래 우대통장(S-lite),
2026-07-17,17:26,지출,자동차,주유,(주)승지 승일주유소,-8000,KRW,Air One (에어원) 스카이패스,
2026-07-17,16:59,이체,저축,미분류,THIDA TUN,5000000,KRW,신한 주거래 우대통장(S-lite),
2026-07-17,16:58,이체,저축,미분류,THIDA TUN,7000000,KRW,신한 주거래 우대통장(S-lite),
2026-07-17,16:58,이체,저축,미분류,THIDA TUN,9000000,KRW,신한 주거래 우대통장(S-lite),
2026-07-17,16:57,이체,저축,미분류,THIDA TUN,9000000,KRW,신한 주거래 우대통장(S-lite),
2026-07-17,13:19,지출,카페/간식,베이커리,앙팡,-70000,KRW,라이언 치즈 체크카드,
2026-07-17,09:36,이체,저축,미분류,예금결산이자,0,KRW,우리 SUPER주거래 통장,
2026-07-16,17:49,이체,저축,미분류,THIDA TUN,7000000,KRW,신한 주거래 우대통장(S-lite),
2026-07-16,11:04,수입,기타수입,미분류,부평세무서,10990,KRW,신한 주거래 우대통장(S-lite),
2026-07-16,04:44,지출,자동차,통행료,인천김포고속도로,-3300,KRW,HYUNDAI BLUE members Family M2 Edition2(현대자동차_하이패스),
2026-07-16,04:44,지출,자동차,통행료,한국도로공사,-450,KRW,HYUNDAI BLUE members Family M2 Edition2(현대자동차_하이패스),
2026-07-15,07:05,지출,주거/통신,인터넷,LGU+84273357,-8800,KRW,신한 주거래 우대통장(S-lite),
2026-07-15,07:05,지출,주거/통신,인터넷,LGU+77651357,-8800,KRW,신한 주거래 우대통장(S-lite),
2026-07-15,04:28,지출,자동차,통행료,서울터널,-5400,KRW,HYUNDAI BLUE members Family M2 Edition2(현대자동차_하이패스),
2026-07-15,04:28,지출,자동차,통행료,한국도로공사,-1800,KRW,HYUNDAI BLUE members Family M2 Edition2(현대자동차_하이패스),
2026-07-14,18:26,지출,금융,이자/대출,한국장학재단,-58510,KRW,신한 주거래 우대통장(S-lite),
2026-07-14,12:17,지출,의료/건강,약국,부개하늘약국,-10000,KRW,Air One (에어원) 스카이패스,
2026-07-14,12:11,지출,온라인쇼핑,홈쇼핑,주식회사 코리아성지,-29720,KRW,Air One (에어원) 스카이패스,
2026-07-14,10:10,지출,온라인쇼핑,인터넷쇼핑,주식회사 카카오,-4700,KRW,카카오페이 간편결제,
2026-07-13,16:55,지출,온라인쇼핑,인터넷쇼핑,주식회사 카카오,120800,KRW,카카오페이 간편결제,
2026-07-13,16:43,지출,온라인쇼핑,인터넷쇼핑,주식회사 카카오,-120800,KRW,카카오페이 간편결제,
2026-07-13,11:53,지출,금융,세금/과태료,(사단법인)금융결제원,-60550,KRW,카카오페이 간편결제,
2026-07-13,11:52,지출,금융,세금/과태료,(사단법인)금융결제원,-108090,KRW,카카오페이 간편결제,
2026-07-13,08:57,지출,주거/통신,인터넷,KT유선상품자동납부,-36300,KRW,KT DC Plus KB국민카드,
2026-07-13,04:14,지출,자동차,통행료,한국도로공사,-900,KRW,HYUNDAI BLUE members Family M2 Edition2(현대자동차_하이패스),
2026-07-13,00:00,지출,자동차,통행료,유료터널,-800,KRW,Air One (에어원) 스카이패스,
2026-07-12,20:57,지출,패션/쇼핑,아울렛/몰,현대아울렛 송도점,-10310,KRW,Air One (에어원) 스카이패스,
2026-07-12,20:48,지출,패션/쇼핑,패션,리틀킹(주)트리플스트리트점,-38700,KRW,Air One (에어원) 스카이패스,
2026-07-12,20:27,지출,패션/쇼핑,패션,(주)이랜드월드 패션 송도트리플,-69800,KRW,KT DC Plus KB국민카드,
2026-07-12,20:06,지출,금융,카드,헥토_이지피쥐(비),-26500,KRW,Air One (에어원) 스카이패스,
2026-07-12,19:19,지출,식비,한식,북촌손만두 트리플스트리트점,-6500,KRW,Air One (에어원) 스카이패스,
2026-07-12,18:56,지출,식비,한식,북촌손만두 트리플스트리트점,-32000,KRW,Air One (에어원) 스카이패스,
2026-07-12,12:51,지출,식비,한식,부평칼국수,-21000,KRW,Air One (에어원) 스카이패스,
2026-07-10,18:28,지출,금융,이자/대출,한국장학재단,-59856,KRW,신한 주거래 우대통장(S-lite),
2026-07-10,17:31,지출,의료/건강,약국,부개하늘약국,-1000,KRW,Air One (에어원) 스카이패스,
2026-07-10,08:50,이체,현금,미분류,004.안연심,-450000,KRW,신한 주거래 우대통장(S-lite),
2026-07-10,07:07,지출,경조/선물,회비,국민의힘당비,-1000,KRW,신한 주거래 우대통장(S-lite),
2026-07-10,07:00,지출,온라인쇼핑,인터넷쇼핑,인천가스2607,-30820,KRW,신한 주거래 우대통장(S-lite),
2026-07-10,04:05,이체,현금,미분류,AYE CHAN TUN,450000,KRW,저축예금,
2026-07-10,00:00,지출,자동차,통행료,유료터널,-800,KRW,Air One (에어원) 스카이패스,
2026-07-09,19:31,지출,온라인쇼핑,홈쇼핑,주식회사 코리아성지,-51460,KRW,Air One (에어원) 스카이패스,
2026-07-09,08:28,지출,주거/통신,휴대폰,LG  U+통신요금  자동이체,-26900,KRW,Air One (에어원) 스카이패스,
2026-07-08,18:25,지출,금융,이자/대출,한국장학재단,-68717,KRW,신한 주거래 우대통장(S-lite),
2026-07-08,18:25,지출,금융,이자/대출,한국장학재단,-59405,KRW,신한 주거래 우대통장(S-lite),
2026-07-08,14:05,이체,이체,미분류,김현순,10400,KRW,NH주거래우대통장,
2026-07-08,04:32,지출,자동차,통행료,한국도로공사,-900,KRW,HYUNDAI BLUE members Family M2 Edition2(현대자동차_하이패스),
2026-07-08,04:32,지출,자동차,통행료,서울터널,-2700,KRW,HYUNDAI BLUE members Family M2 Edition2(현대자동차_하이패스),
2026-07-07,06:05,지출,자동차,통행료,신공항고속도로,-3200,KRW,HYUNDAI BLUE members Family M2 Edition2(현대자동차_하이패스),
2026-07-06,13:53,지출,온라인쇼핑,인터넷쇼핑,롯데쇼핑(주),-11600,KRW,Air One (에어원) 스카이패스,
2026-07-06,13:40,이체,이체,미분류,이용순,-200000,KRW,신한 주거래 우대통장(S-lite),
2026-07-05,21:41,지출,식비,한식,별미분식 인천공항T2점,-22800,KRW,KT DC Plus KB국민카드,
2026-07-05,15:11,지출,온라인쇼핑,서비스구독,ALIPAY CONNECT PTE. LTD,-30000,KRW,카카오페이 간편결제,
2026-07-05,03:52,지출,자동차,통행료,신공항고속도로,-3200,KRW,HYUNDAI BLUE members Family M2 Edition2(현대자동차_하이패스),
2026-07-04,10:15,지출,온라인쇼핑,인터넷쇼핑,주식회사 카카오,-13900,KRW,카카오페이 간편결제,
2026-07-04,01:36,지출,금융,이자/대출,한도대출이자,-240613,KRW,저축예금,
2026-07-03,06:39,지출,식비,일식,팝업스토어 인천공항T2 A/S 3F 카츄마마,-5700,KRW,KT DC Plus KB국민카드,
2026-07-02,21:29,지출,교통,택시,우버택시가승인,100,KRW,KT DC Plus KB국민카드,
2026-07-02,21:28,지출,교통,택시,우버택시가승인,-100,KRW,KT DC Plus KB국민카드,
2026-07-02,12:08,지출,여행/숙박,여행,트립닷컴,-39700,KRW,네이버페이 간편결제,
2026-07-02,07:49,지출,온라인쇼핑,인터넷쇼핑,주식회사 카카오,-12000,KRW,카카오페이 간편결제,
2026-07-01,18:01,지출,여행/숙박,여행용품,와이파이도시락,-1307,KRW,네이버페이 간편결제(포인트),
2026-07-01,18:01,지출,여행/숙박,여행용품,와이파이도시락,-11963,KRW,네이버페이 간편결제,
2026-07-01,10:23,이체,저축,미분류,003-이도현,210000,KRW,NH주거래우대통장,
2026-07-01,05:07,지출,주거/통신,휴대폰,자동결제2_다날1,-3483,KRW,Air One (에어원) 스카이패스,
2026-07-01,04:53,지출,자동차,통행료,한국도로공사,-1800,KRW,HYUNDAI BLUE members Family M2 Edition2(현대자동차_하이패스),
2026-07-01,04:53,지출,자동차,통행료,서울터널,-5400,KRW,HYUNDAI BLUE members Family M2 Edition2(현대자동차_하이패스),
2026-07-01,00:00,지출,교통,대중교통,모바일_삼성페이_후불지하철,-1550,KRW,Air One (에어원) 스카이패스,
2026-06-30,22:33,지출,금융,카드,NHNKCP,-249899,KRW,네이버페이 간편결제,
2026-06-30,17:33,지출,온라인쇼핑,인터넷쇼핑,나이스_당근페이,-500000,KRW,Air One (에어원) 스카이패스,
2026-06-30,08:47,이체,현금,미분류,004.송영애,-870000,KRW,신한 주거래 우대통장(S-lite),
2026-06-30,06:03,지출,자동차,통행료,한국도로공사,-2400,KRW,HYUNDAI BLUE members Family M2 Edition2(현대자동차_하이패스),
2026-06-30,06:03,지출,자동차,통행료,제이서해안고속도로,-2900,KRW,HYUNDAI BLUE members Family M2 Edition2(현대자동차_하이패스),
2026-06-30,00:00,지출,교통,대중교통,06월지하철1건,-1550,KRW,Air One (에어원) 스카이패스,
2026-06-30,00:00,지출,자동차,통행료,유료터널,-800,KRW,Air One (에어원) 스카이패스,
2026-06-29,10:59,이체,카드대금,미분류,KB카드출금,-512141,KRW,신한 주거래 우대통장(S-lite),
2026-06-29,10:57,이체,카드대금,미분류,KB카드출금,-50045,KRW,신한 주거래 우대통장(S-lite),
2026-06-29,10:51,이체,카드대금,미분류,신한카드,-317051,KRW,신한 주거래 우대통장(S-lite),
2026-06-29,07:22,지출,문화/여가,음악,J311234455656,-48988,KRW,신한 주거래 우대통장(S-lite),
2026-06-29,07:11,지출,온라인쇼핑,인터넷쇼핑,롯데ON,-22525,KRW,네이버페이 간편결제,
2026-06-28,11:29,이체,미분류,미분류,입금 내역,0,KRW,NH주거래우대통장,
2026-06-28,08:42,지출,자동차,통행료,한국도로공사,-4600,KRW,HYUNDAI BLUE members Family M2 Edition2(현대자동차_하이패스),
2026-06-28,00:00,지출,교통,대중교통,모바일_삼성페이_후불지하철,-2150,KRW,Air One (에어원) 스카이패스,
2026-06-27,03:16,수입,금융수입,미분류,이자,2,KRW,MY 입출금통장,
2026-06-26,18:01,이체,카드대금,미분류,신한카드,-1660865,KRW,신한 주거래 우대통장(S-lite),
2026-06-26,06:02,지출,금융,증권/투자,311243546349,-79835,KRW,신한 주거래 우대통장(S-lite),
2026-06-26,04:18,지출,자동차,통행료,한국도로공사,-900,KRW,HYUNDAI BLUE members Family M2 Edition2(현대자동차_하이패스),
2026-06-26,04:18,지출,자동차,통행료,서울터널,-5400,KRW,HYUNDAI BLUE members Family M2 Edition2(현대자동차_하이패스),
2026-06-25,19:12,지출,금융,보험,NH손보108회,-43470,KRW,신한 주거래 우대통장(S-lite),
2026-06-25,18:48,지출,금융,카드,현대카드(주),-1483051,KRW,신한 주거래 우대통장(S-lite),
2026-06-25,18:48,지출,금융,카드,현대카드(주),-37200,KRW,신한 주거래 우대통장(S-lite),
2026-06-25,18:35,지출,금융,이자/대출,한국장학재단,-58661,KRW,신한 주거래 우대통장(S-lite),
2026-06-25,15:01,지출,교육/학습,학습교재,(주)웅진씽크빅,-99000,KRW,Air One (에어원) 스카이패스,
2026-06-25,01:08,지출,온라인쇼핑,서비스구독,Netflix.com,-17000,KRW,Air One (에어원) 스카이패스,
2026-06-24,15:25,지출,주거/통신,관리비,KB아파트관리비,-252690,KRW,KT DC Plus KB국민카드,
2026-06-24,04:54,지출,자동차,통행료,한국도로공사,-900,KRW,HYUNDAI BLUE members Family M2 Edition2(현대자동차_하이패스),
2026-06-24,04:54,지출,자동차,통행료,서울터널,-2700,KRW,HYUNDAI BLUE members Family M2 Edition2(현대자동차_하이패스),
2026-06-24,00:00,지출,교통,대중교통,모바일_삼성페이_후불지하철,-1550,KRW,Air One (에어원) 스카이패스,
2026-06-23,20:54,지출,온라인쇼핑,홈쇼핑,주식회사 코리아성지,-15750,KRW,Air One (에어원) 스카이패스,
2026-06-23,18:43,지출,온라인쇼핑,서비스구독,유튜브프리미엄,-14900,KRW,Air One (에어원) 스카이패스,
2026-06-23,17:07,지출,자동차,통행료,서울터널,-2700,KRW,HYUNDAI BLUE members Family M2 Edition2(현대자동차_하이패스),
2026-06-23,17:07,지출,자동차,통행료,한국도로공사,-900,KRW,HYUNDAI BLUE members Family M2 Edition2(현대자동차_하이패스),
2026-06-22,11:04,지출,여행/숙박,숙박비,(주)호텔롯데,-140600,KRW,Air One (에어원) 스카이패스,
2026-06-22,11:04,지출,여행/숙박,숙박비,(주)호텔롯데,100000,KRW,Air One (에어원) 스카이패스,
2026-06-22,09:15,지출,여행/숙박,숙박비,(주)호텔롯데,-126400,KRW,Air One (에어원) 스카이패스,
2026-06-22,07:52,이체,이체,미분류,이*실,100000,KRW,카카오페이 머니,
2026-06-22,07:12,지출,금융,보험,KB손023 06,-13000,KRW,신한 주거래 우대통장(S-lite),
2026-06-22,06:22,이체,이체,미분류,이용순,200000,KRW,신한 주거래 우대통장(S-lite),
2026-06-22,03:47,지출,자동차,통행료,한국도로공사,-900,KRW,HYUNDAI BLUE members Family M2 Edition2(현대자동차_하이패스),
2026-06-22,03:47,지출,자동차,통행료,서울터널,-5400,KRW,HYUNDAI BLUE members Family M2 Edition2(현대자동차_하이패스),
2026-06-21,21:58,지출,뷰티/미용,화장품,씨제이올리브영(주)명동타임워크점,-13500,KRW,Air One (에어원) 스카이패스,
2026-06-21,21:48,지출,식비,한식,주식회사 손의손명동점,-47500,KRW,Air One (에어원) 스카이패스,
2026-06-21,14:21,지출,여행/숙박,숙박비,(주)호텔롯데,-100000,KRW,Air One (에어원) 스카이패스,
2026-06-20,12:14,이체,저축,미분류,예금결산이자,0,KRW,WON 통장,
2026-06-20,09:56,이체,저축,미분류,예금결산이자,0,KRW,우리 SUPER주거래 통장,
2026-06-20,04:36,수입,금융수입,미분류,03.21~06.19,0,KRW,신한S-MORE(에스모어)포인트통장,
2026-06-20,04:26,수입,금융수입,미분류,03.21~06.19,423,KRW,신한 주거래 우대통장(S-lite),
2026-06-20,03:57,이체,미분류,미분류,입금 내역,63,KRW,저축예금,
2026-06-20,03:35,수입,금융수입,미분류,03.21~06.19,0,KRW,저축예금,
2026-06-20,03:28,수입,금융수입,미분류,03.21~06.19,0,KRW,사이버증권거래저축예금,
2026-06-20,03:15,수입,금융수입,미분류,03.21~06.19,0,KRW,U드림 저축예금 (인터넷전용),
2026-06-19,12:36,이체,이체,미분류,전승철,-400000,KRW,신한 주거래 우대통장(S-lite),
2026-06-18,00:00,지출,교통,대중교통,모바일_삼성페이_후불지하철,-1550,KRW,Air One (에어원) 스카이패스,
2026-06-18,00:00,지출,온라인쇼핑,인터넷쇼핑,네이버페이,35900,KRW,Air One (에어원) 스카이패스,
2026-06-17,11:57,지출,뷰티/미용,헤어샵,0713929795690,-1000000,KRW,신한 주거래 우대통장(S-lite),
2026-06-17,11:56,지출,금융,증권/투자,0713929795688,-1000000,KRW,신한 주거래 우대통장(S-lite),
2026-06-17,10:26,지출,식비,양식,SOUP,35900,KRW,네이버페이 간편결제,
2026-06-17,04:31,지출,자동차,통행료,한국도로공사,-900,KRW,HYUNDAI BLUE members Family M2 Edition2(현대자동차_하이패스),
2026-06-17,04:31,지출,자동차,통행료,서울터널,-5400,KRW,HYUNDAI BLUE members Family M2 Edition2(현대자동차_하이패스),
2026-06-17,00:00,지출,교통,대중교통,모바일_삼성페이_후불지하철,-1550,KRW,Air One (에어원) 스카이패스,
2026-06-16,16:11,수입,급여,미분류,육아급여고용부,2500000,KRW,신한 주거래 우대통장(S-lite),
2026-06-15,22:17,지출,여행/숙박,숙박비,호텔롯데,-338800,KRW,Air One (에어원) 스카이패스,
2026-06-15,18:48,지출,온라인쇼핑,홈쇼핑,주식회사 코리아성지,-31140,KRW,Air One (에어원) 스카이패스,
2026-06-15,18:29,지출,금융,이자/대출,한국장학재단,-58510,KRW,신한 주거래 우대통장(S-lite),
2026-06-15,16:31,지출,식비,한식,진선미꽃2호점,-7000,KRW,Air One (에어원) 스카이패스,
2026-06-15,16:24,지출,뷰티/미용,헤어샵,하르르,-9000,KRW,Air One (에어원) 스카이패스,
2026-06-15,15:20,지출,카페/간식,커피/음료,메가엠지씨커피 부평북부역점,-2900,KRW,Air One (에어원) 스카이패스,
2026-06-15,14:47,이체,저축,미분류,THIDA TUN,5000000,KRW,신한 주거래 우대통장(S-lite),
2026-06-15,07:08,지출,주거/통신,인터넷,LGU+84273357,-8800,KRW,신한 주거래 우대통장(S-lite),
2026-06-15,07:06,지출,주거/통신,인터넷,LGU+77651357,-8800,KRW,신한 주거래 우대통장(S-lite),
2026-06-14,12:56,지출,온라인쇼핑,홈쇼핑,주식회사 코리아성지,-18090,KRW,Air One (에어원) 스카이패스,
2026-06-14,03:56,지출,자동차,통행료,한국도로공사,-1800,KRW,HYUNDAI BLUE members Family M2 Edition2(현대자동차_하이패스),
2026-06-14,03:56,지출,자동차,통행료,서울터널,-5400,KRW,HYUNDAI BLUE members Family M2 Edition2(현대자동차_하이패스),
2026-06-14,00:00,지출,교통,대중교통,모바일_삼성페이_후불지하철,-3900,KRW,Air One (에어원) 스카이패스,
2026-06-14,00:00,지출,온라인쇼핑,인터넷쇼핑,네이버페이,19500,KRW,Air One (에어원) 스카이패스,
2026-06-13,17:47,지출,패션/쇼핑,백화점,NC경산점 숲,19500,KRW,네이버페이 간편결제,
2026-06-13,11:49,지출,생활,편의점,지에스GS25 부개SK뷰,-3700,KRW,Air One (에어원) 스카이패스,
2026-06-13,11:38,지출,온라인쇼핑,홈쇼핑,주식회사 코리아성지,-6680,KRW,Air One (에어원) 스카이패스,
2026-06-11,20:32,지출,온라인쇼핑,홈쇼핑,주식회사 코리아성지,-38680,KRW,Air One (에어원) 스카이패스,
2026-06-11,18:48,지출,뷰티/미용,헤어샵,하르르헤어,-2146,KRW,네이버페이 간편결제(포인트),
2026-06-11,18:48,지출,뷰티/미용,헤어샵,하르르헤어,-6854,KRW,네이버페이 간편결제,
2026-06-11,08:58,지출,주거/통신,인터넷,KT유선상품자동납부,-36300,KRW,KT DC Plus KB국민카드,
2026-06-11,04:44,지출,자동차,통행료,한국도로공사,-1800,KRW,HYUNDAI BLUE members Family M2 Edition2(현대자동차_하이패스),
2026-06-11,04:44,지출,자동차,통행료,서울터널,-5400,KRW,HYUNDAI BLUE members Family M2 Edition2(현대자동차_하이패스),
2026-06-11,04:03,이체,현금,미분류,AYE CHAN TUN,450000,KRW,저축예금,
2026-06-10,18:28,지출,금융,이자/대출,한국장학재단,-60136,KRW,신한 주거래 우대통장(S-lite),
2026-06-10,11:38,지출,금융,증권/투자,0713929788729,-1000000,KRW,신한 주거래 우대통장(S-lite),
2026-06-10,11:37,지출,금융,증권/투자,0713929788727,-1000000,KRW,신한 주거래 우대통장(S-lite),
2026-06-10,11:36,지출,금융,증권/투자,0713929788725,-1000000,KRW,신한 주거래 우대통장(S-lite),
2026-06-10,11:35,지출,금융,증권/투자,0713929788723,-1000000,KRW,신한 주거래 우대통장(S-lite),
2026-06-10,11:34,지출,금융,증권/투자,0713929788721,-1000000,KRW,신한 주거래 우대통장(S-lite),
2026-06-10,11:33,지출,뷰티/미용,헤어샵,0713929788719,-1000000,KRW,신한 주거래 우대통장(S-lite),
2026-06-10,08:51,이체,현금,미분류,004.안연심,-450000,KRW,신한 주거래 우대통장(S-lite),
2026-06-10,07:08,지출,경조/선물,회비,국민의힘당비,-1000,KRW,신한 주거래 우대통장(S-lite),
2026-06-10,07:01,지출,온라인쇼핑,인터넷쇼핑,인천가스2606,-41310,KRW,신한 주거래 우대통장(S-lite),
2026-06-10,00:00,지출,교통,대중교통,모바일_삼성페이_후불지하철,-1550,KRW,Air One (에어원) 스카이패스,
2026-06-09,12:12,이체,미분류,미분류,출금 내역,-1000000,KRW,신한 주거래 우대통장(S-lite),
2026-06-09,12:11,이체,미분류,미분류,출금 내역,-1000000,KRW,신한 주거래 우대통장(S-lite),
2026-06-09,12:10,이체,미분류,미분류,출금 내역,-1000000,KRW,신한 주거래 우대통장(S-lite),
2026-06-09,12:09,이체,미분류,미분류,출금 내역,-1000000,KRW,신한 주거래 우대통장(S-lite),
2026-06-09,12:08,이체,미분류,미분류,출금 내역,-1000000,KRW,신한 주거래 우대통장(S-lite),
2026-06-09,12:07,이체,미분류,미분류,출금 내역,-1000000,KRW,신한 주거래 우대통장(S-lite),
2026-06-09,08:25,지출,주거/통신,휴대폰,LG  U+통신요금  자동이체,-26900,KRW,Air One (에어원) 스카이패스,
2026-06-09,07:43,지출,문화/여가,도서,예스24,-19800,KRW,네이버페이 간편결제,
2026-06-08,18:25,지출,금융,이자/대출,한국장학재단,-59671,KRW,신한 주거래 우대통장(S-lite),
2026-06-08,18:25,지출,금융,이자/대출,한국장학재단,-68975,KRW,신한 주거래 우대통장(S-lite),
2026-06-08,15:31,지출,카페/간식,커피/음료,(주)에스씨케이 컴퍼니,-30000,KRW,Air One (에어원) 스카이패스,
2026-06-08,12:45,지출,뷰티/미용,헤어샵,0713929793752,-1000000,KRW,신한 주거래 우대통장(S-lite),
2026-06-08,12:44,지출,뷰티/미용,헤어샵,0713929793750,-1000000,KRW,신한 주거래 우대통장(S-lite),
2026-06-08,12:43,지출,식비,피자,0713929793748,-1000000,KRW,신한 주거래 우대통장(S-lite),
2026-06-08,12:42,지출,식비,피자,0713929793746,-1000000,KRW,신한 주거래 우대통장(S-lite),
2026-06-08,12:41,지출,식비,피자,0713929793744,-1000000,KRW,신한 주거래 우대통장(S-lite),
2026-06-08,12:40,지출,식비,피자,0713929793742,-1000000,KRW,신한 주거래 우대통장(S-lite),
2026-06-08,07:07,지출,식비,양식,SOUP,-128,KRW,네이버페이 간편결제(포인트),
2026-06-08,07:07,지출,식비,양식,SOUP,-207462,KRW,네이버페이 간편결제,
2026-06-08,06:47,이체,이체,미분류,카카오페이,-51000,KRW,신한 주거래 우대통장(S-lite),
2026-06-07,15:25,지출,온라인쇼핑,홈쇼핑,주식회사 코리아성지,-39280,KRW,Air One (에어원) 스카이패스,
2026-06-07,13:48,지출,금융,증권/투자,0713929793632,-1000000,KRW,신한 주거래 우대통장(S-lite),
2026-06-07,13:46,지출,뷰티/미용,헤어샵,0713929793630,-1000000,KRW,신한 주거래 우대통장(S-lite),
2026-06-07,13:45,지출,금융,증권/투자,0713929793628,-1000000,KRW,신한 주거래 우대통장(S-lite),
2026-06-07,13:44,지출,금융,증권/투자,0713929793626,-1000000,KRW,신한 주거래 우대통장(S-lite),
2026-06-07,13:43,지출,금융,증권/투자,0713929793624,-1000000,KRW,신한 주거래 우대통장(S-lite),
2026-06-07,13:42,지출,금융,증권/투자,0713929793622,-1000000,KRW,신한 주거래 우대통장(S-lite),
2026-06-07,07:07,수입,용돈,미분류,(260308~260606),0,KRW,저축예금,
2026-06-07,04:12,지출,자동차,통행료,한국도로공사,-900,KRW,HYUNDAI BLUE members Family M2 Edition2(현대자동차_하이패스),
2026-06-07,04:12,지출,자동차,통행료,서울터널,-5400,KRW,HYUNDAI BLUE members Family M2 Edition2(현대자동차_하이패스),
2026-06-06,20:55,이체,미분류,미분류,출금 내역,-1000000,KRW,신한 주거래 우대통장(S-lite),
2026-06-06,20:54,이체,미분류,미분류,출금 내역,-1000000,KRW,신한 주거래 우대통장(S-lite),
2026-06-06,20:53,이체,미분류,미분류,출금 내역,-1000000,KRW,신한 주거래 우대통장(S-lite),
2026-06-06,20:52,이체,미분류,미분류,출금 내역,-1000000,KRW,신한 주거래 우대통장(S-lite),
2026-06-06,20:51,이체,미분류,미분류,출금 내역,-1000000,KRW,신한 주거래 우대통장(S-lite),
2026-06-06,20:50,이체,미분류,미분류,출금 내역,-1000000,KRW,신한 주거래 우대통장(S-lite),
2026-06-06,12:31,이체,이체,미분류,김난향,-20000,KRW,신한 주거래 우대통장(S-lite),
2026-06-06,04:18,지출,자동차,통행료,한국도로공사,-2400,KRW,HYUNDAI BLUE members Family M2 Edition2(현대자동차_하이패스),
2026-06-06,04:18,지출,자동차,통행료,서울터널,-2700,KRW,HYUNDAI BLUE members Family M2 Edition2(현대자동차_하이패스),
2026-06-06,01:51,지출,금융,이자/대출,한도대출이자,-69667,KRW,저축예금,
2026-06-05,19:05,지출,온라인쇼핑,홈쇼핑,주식회사 코리아성지,-57180,KRW,Air One (에어원) 스카이패스,
2026-06-05,15:11,지출,온라인쇼핑,서비스구독,ALIPAY CONNECT PTE. LTD,-30000,KRW,카카오페이 간편결제,
2026-06-05,14:19,이체,미분류,미분류,입금 내역,340000,KRW,신한 주거래 우대통장(S-lite),
2026-06-05,14:15,이체,미분류,미분류,출금 내역,-1000000,KRW,신한 주거래 우대통장(S-lite),
2026-06-05,14:14,이체,미분류,미분류,출금 내역,-1000000,KRW,신한 주거래 우대통장(S-lite),
2026-06-05,14:13,이체,미분류,미분류,출금 내역,-1000000,KRW,신한 주거래 우대통장(S-lite),
2026-06-05,14:12,이체,미분류,미분류,출금 내역,-1000000,KRW,신한 주거래 우대통장(S-lite),
2026-06-05,14:11,이체,미분류,미분류,출금 내역,-1000000,KRW,신한 주거래 우대통장(S-lite),
2026-06-05,14:10,이체,미분류,미분류,출금 내역,-1000000,KRW,신한 주거래 우대통장(S-lite),
2026-06-05,00:00,지출,교통,대중교통,모바일_삼성페이_후불지하철,-1950,KRW,Air One (에어원) 스카이패스,
2026-06-04,11:56,지출,금융,증권/투자,0713929792920,-1000000,KRW,신한 주거래 우대통장(S-lite),
2026-06-04,11:55,지출,뷰티/미용,헤어샵,0713929779171,-1000000,KRW,신한 주거래 우대통장(S-lite),
2026-06-04,11:54,지출,뷰티/미용,헤어샵,0713929779169,-1000000,KRW,신한 주거래 우대통장(S-lite),
2026-06-04,11:53,지출,뷰티/미용,헤어샵,0713929779167,-1000000,KRW,신한 주거래 우대통장(S-lite),
2026-06-04,11:52,지출,뷰티/미용,헤어샵,0713929779165,-1000000,KRW,신한 주거래 우대통장(S-lite),
2026-06-04,11:50,지출,뷰티/미용,헤어샵,0713929779163,-1000000,KRW,신한 주거래 우대통장(S-lite),
2026-06-04,08:46,지출,온라인쇼핑,인터넷쇼핑,주식회사 카카오,-4700,KRW,카카오페이 간편결제,
2026-06-04,04:13,지출,자동차,통행료,한국도로공사,-900,KRW,HYUNDAI BLUE members Family M2 Edition2(현대자동차_하이패스),
2026-06-04,04:13,지출,자동차,통행료,서울터널,-2700,KRW,HYUNDAI BLUE members Family M2 Edition2(현대자동차_하이패스),
2026-06-03,18:32,지출,뷰티/미용,헤어샵,0713929779090,-1000000,KRW,신한 주거래 우대통장(S-lite),
2026-06-03,18:31,지출,뷰티/미용,헤어샵,0713929779088,-1000000,KRW,신한 주거래 우대통장(S-lite),
2026-06-03,18:30,지출,뷰티/미용,헤어샵,0713929779086,-1000000,KRW,신한 주거래 우대통장(S-lite),
2026-06-03,18:29,지출,뷰티/미용,헤어샵,0713929779084,-1000000,KRW,신한 주거래 우대통장(S-lite),
2026-06-03,18:28,지출,금융,증권/투자,0713929779082,-1000000,KRW,신한 주거래 우대통장(S-lite),
2026-06-03,18:27,지출,뷰티/미용,헤어샵,0713929779080,-1000000,KRW,신한 주거래 우대통장(S-lite),
2026-06-02,11:56,지출,온라인쇼핑,인터넷쇼핑,나이스_당근페이,-500000,KRW,Air One (에어원) 스카이패스,
2026-06-02,08:48,지출,온라인쇼핑,인터넷쇼핑,주식회사 카카오,-120800,KRW,카카오페이 간편결제,
2026-06-01,20:06,지출,생활,생필품,주식회사 아성다이소,-1000,KRW,Air One (에어원) 스카이패스,
2026-06-01,08:49,이체,현금,미분류,004.송영애,-870000,KRW,신한 주거래 우대통장(S-lite),
2026-06-01,05:07,지출,주거/통신,휴대폰,자동결제2_다날1,-3483,KRW,Air One (에어원) 스카이패스,
2026-06-01,00:00,지출,교통,대중교통,모바일_삼성페이_후불지하철,-1550,KRW,Air One (에어원) 스카이패스,
2026-05-31,15:40,지출,온라인쇼핑,결제/충전,다우데이타-홀빅,-5500,KRW,Air One (에어원) 스카이패스,
2026-05-30,11:55,지출,생활,생필품,빵꾸똥꾸문구야 인천부개점,-6000,KRW,Air One (에어원) 스카이패스,
2026-05-29,11:43,지출,온라인쇼핑,결제/충전,NICEPAY_결제대행2_1,-691000,KRW,Air One (에어원) 스카이패스,
2026-05-28,19:41,지출,온라인쇼핑,홈쇼핑,주식회사 코리아성지,-10300,KRW,Air One (에어원) 스카이패스,
2026-05-27,18:24,지출,온라인쇼핑,홈쇼핑,주식회사 코리아성지,-3100,KRW,Air One (에어원) 스카이패스,
2026-05-27,18:24,지출,온라인쇼핑,홈쇼핑,주식회사 코리아성지,-20390,KRW,Air One (에어원) 스카이패스,
2026-05-27,06:00,지출,여행/숙박,항공권,311234455656,-47408,KRW,신한 주거래 우대통장(S-lite),
2026-05-26,19:52,지출,교육/학습,학습교재,(주)웅진씽크빅,-99000,KRW,Air One (에어원) 스카이패스,
2026-05-26,19:17,지출,금융,보험,NH손보107회,-43470,KRW,신한 주거래 우대통장(S-lite),
2026-05-26,18:54,지출,금융,카드,현대카드(주),-1483051,KRW,신한 주거래 우대통장(S-lite),
2026-05-26,18:54,지출,금융,카드,현대카드(주),-16900,KRW,신한 주거래 우대통장(S-lite),
2026-05-26,18:50,이체,카드대금,미분류,KB카드출금,-591300,KRW,신한 주거래 우대통장(S-lite),
2026-05-26,18:34,지출,금융,이자/대출,한국장학재단,-58579,KRW,신한 주거래 우대통장(S-lite),
2026-05-26,18:06,이체,카드대금,미분류,신한카드,-2057980,KRW,신한 주거래 우대통장(S-lite),
2026-05-26,15:23,지출,주거/통신,관리비,KB아파트관리비,-272950,KRW,KT DC Plus KB국민카드,
2026-05-26,06:09,지출,금융,증권/투자,311243546349,-77260,KRW,신한 주거래 우대통장(S-lite),
2026-05-26,04:38,지출,자동차,통행료,한국도로공사,-3300,KRW,HYUNDAI BLUE members Family M2 Edition2(현대자동차_하이패스),
2026-05-26,00:00,지출,교통,대중교통,모바일_삼성페이_후불지하철,-1550,KRW,Air One (에어원) 스카이패스,
2026-05-25,19:53,지출,온라인쇼핑,홈쇼핑,주식회사 코리아성지,-1990,KRW,Air One (에어원) 스카이패스,
2026-05-25,19:53,지출,온라인쇼핑,홈쇼핑,주식회사 코리아성지,-47130,KRW,Air One (에어원) 스카이패스,
2026-05-25,11:43,지출,생활,마트,신세계마트,-2370,KRW,Air One (에어원) 스카이패스,
2026-05-25,10:24,지출,카페/간식,커피/음료,메가엠지씨 커피 인천 부개점,-2900,KRW,Air One (에어원) 스카이패스,
2026-05-25,01:21,지출,온라인쇼핑,서비스구독,Netflix.com,-17000,KRW,Air One (에어원) 스카이패스,
2026-05-24,20:16,지출,자동차,통행료,한국도로공사,-900,KRW,HYUNDAI BLUE members Family M2 Edition2(현대자동차_하이패스),
2026-05-24,15:59,지출,패션/쇼핑,아울렛/몰,현대아울렛 김포점,-11500,KRW,Air One (에어원) 스카이패스,
2026-05-23,18:43,지출,온라인쇼핑,서비스구독,유튜브프리미엄,-14900,KRW,Air One (에어원) 스카이패스,
2026-05-23,03:44,수입,금융수입,미분류,이자,1,KRW,MY 입출금통장,
2026-05-22,18:55,지출,온라인쇼핑,홈쇼핑,주식회사 코리아성지,-20650,KRW,Air One (에어원) 스카이패스,
2026-05-20,07:10,지출,금융,보험,KB손022 05,-13000,KRW,신한 주거래 우대통장(S-lite),
2026-05-20,00:00,지출,교통,대중교통,모바일_삼성페이_후불지하철,-1850,KRW,Air One (에어원) 스카이패스,
2026-05-20,00:00,지출,교통,대중교통,모바일_삼성페이_후불버스,-100,KRW,Air One (에어원) 스카이패스,
2026-05-19,18:48,지출,온라인쇼핑,홈쇼핑,주식회사 코리아성지,-60400,KRW,Air One (에어원) 스카이패스,
2026-05-19,18:32,지출,뷰티/미용,헤어샵,살롱5,-15000,KRW,Air One (에어원) 스카이패스,
2026-05-19,07:49,지출,자동차,통행료,서울터널,-2700,KRW,HYUNDAI BLUE members Family M2 Edition2(현대자동차_하이패스),
2026-05-19,07:49,지출,자동차,통행료,한국도로공사,-900,KRW,HYUNDAI BLUE members Family M2 Edition2(현대자동차_하이패스),
2026-05-18,17:01,지출,온라인쇼핑,인터넷쇼핑,주식회사 카카오,-39900,KRW,카카오페이 간편결제,
2026-05-18,13:56,수입,급여,미분류,육아급여고용부,2500000,KRW,신한 주거래 우대통장(S-lite),
2026-05-18,00:00,지출,교통,대중교통,모바일_삼성페이_후불지하철,-1550,KRW,Air One (에어원) 스카이패스,
2026-05-17,18:42,지출,온라인쇼핑,홈쇼핑,주식회사 코리아성지,-46880,KRW,Air One (에어원) 스카이패스,
2026-05-17,00:00,지출,교통,대중교통,모바일_삼성페이_후불지하철,-1950,KRW,Air One (에어원) 스카이패스,
2026-05-16,20:51,지출,교육/학습,학교,와플대학 부평굴다리캠퍼스,-8600,KRW,Air One (에어원) 스카이패스,
2026-05-16,16:19,이체,저축,미분류,THIDA TUN,6000000,KRW,신한 주거래 우대통장(S-lite),
2026-05-16,12:18,지출,온라인쇼핑,홈쇼핑,주식회사 코리아성지,-10970,KRW,Air One (에어원) 스카이패스,
2026-05-16,09:19,이체,저축,미분류,예금결산이자,0,KRW,우리 SUPER주거래 통장,
2026-05-15,07:06,지출,주거/통신,인터넷,LGU+84273357,-8800,KRW,신한 주거래 우대통장(S-lite),
2026-05-15,07:05,지출,주거/통신,인터넷,LGU+77651357,-8800,KRW,신한 주거래 우대통장(S-lite),
2026-05-14,18:25,지출,금융,이자/대출,한국장학재단,-58510,KRW,신한 주거래 우대통장(S-lite),
2026-05-14,11:51,지출,금융,카드,NICE결제대행,-500,KRW,Air One (에어원) 스카이패스,
2026-05-14,10:50,지출,생활,편의점,GS25 송도AT센터점,-4000,KRW,Air One (에어원) 스카이패스,
2026-05-13,11:07,이체,이체,미분류,*****,1,KRW,신한 주거래 우대통장(S-lite),
2026-05-13,00:00,지출,교통,대중교통,모바일_삼성페이_후불지하철,-1550,KRW,Air One (에어원) 스카이패스,
2026-05-12,12:06,지출,온라인쇼핑,홈쇼핑,주식회사 코리아성지,-18620,KRW,Air One (에어원) 스카이패스,
2026-05-12,07:23,지출,패션/쇼핑,아울렛/몰,(주)한길패키지,-86,KRW,네이버페이 간편결제(포인트),
2026-05-12,07:23,지출,패션/쇼핑,아울렛/몰,(주)한길패키지,-15784,KRW,네이버페이 간편결제,
2026-05-11,18:27,지출,금융,이자/대출,한국장학재단,-60006,KRW,신한 주거래 우대통장(S-lite),
2026-05-11,15:34,지출,온라인쇼핑,서비스구독,캐쉬밴딩.AI,-1200,KRW,Air One (에어원) 스카이패스,
2026-05-11,15:33,지출,온라인쇼핑,서비스구독,캐쉬밴딩.AI,-1000,KRW,Air One (에어원) 스카이패스,
2026-05-11,15:32,지출,온라인쇼핑,서비스구독,캐쉬밴딩.AI,-1000,KRW,Air One (에어원) 스카이패스,
2026-05-11,11:51,이체,현금,미분류,THIDA TUN,-37200,KRW,신한 주거래 우대통장(S-lite),
2026-05-11,08:57,지출,주거/통신,인터넷,KT유선상품자동납부,-36300,KRW,KT DC Plus KB국민카드,
2026-05-11,08:53,이체,현금,미분류,004.안연심,-450000,KRW,신한 주거래 우대통장(S-lite),
2026-05-11,07:53,지출,주거/통신,휴대폰,LG  U+통신요금  자동이체,-26900,KRW,Air One (에어원) 스카이패스,
2026-05-11,07:00,지출,온라인쇼핑,인터넷쇼핑,인천가스2605,-97390,KRW,신한 주거래 우대통장(S-lite),
2026-05-11,04:06,이체,현금,미분류,AYE CHAN TUN,450000,KRW,저축예금,
2026-05-10,11:21,지출,카페/간식,커피/음료,빽다방 인천부개코오롱점,-1500,KRW,Air One (에어원) 스카이패스,
2026-05-10,11:19,지출,카페/간식,커피/음료,빽다방 인천부개코오롱점,-3900,KRW,Air One (에어원) 스카이패스,
2026-05-10,11:13,지출,온라인쇼핑,홈쇼핑,주식회사 코리아성지,-53260,KRW,Air One (에어원) 스카이패스,
2026-05-09,19:42,이체,이체,미분류,이용순,-1000000,KRW,신한 주거래 우대통장(S-lite),
2026-05-09,19:37,이체,이체,미분류,이용순,1000000,KRW,신한 주거래 우대통장(S-lite),
2026-05-09,16:24,지출,생활,편의점,코레일유통주식회사(부개역),-5000,KRW,KT DC Plus KB국민카드,
2026-05-09,16:12,이체,이체,미분류,이용순,-3000000,KRW,저축예금,
2026-05-09,01:44,지출,금융,이자/대출,한도대출이자,-254326,KRW,저축예금,
2026-05-08,18:25,지출,금융,이자/대출,한국장학재단,-68895,KRW,신한 주거래 우대통장(S-lite),
2026-05-08,18:25,지출,금융,이자/대출,한국장학재단,-59555,KRW,신한 주거래 우대통장(S-lite),
2026-05-08,17:25,지출,뷰티/미용,헤어샵,하르르,-9000,KRW,KT DC Plus KB국민카드,
2026-05-08,16:32,이체,저축,미분류,THIDATUN(제,10000000,KRW,신한 주거래 우대통장(S-lite),
2026-05-08,11:04,지출,온라인쇼핑,인터넷쇼핑,당근페이,-500000,KRW,Air One (에어원) 스카이패스,
2026-05-08,07:43,지출,뷰티/미용,헤어샵,하르르헤어,-301,KRW,네이버페이 간편결제(포인트),
2026-05-08,07:43,지출,뷰티/미용,헤어샵,하르르헤어,-8699,KRW,네이버페이 간편결제,
2026-05-08,07:11,지출,금융,은행,송금 내역,-100000,KRW,카카오페이 머니,
2026-05-08,06:53,이체,이체,미분류,이용순,-300000,KRW,신한 주거래 우대통장(S-lite),
2026-05-08,00:00,지출,교통,대중교통,모바일_삼성페이_후불지하철,-200,KRW,Air One (에어원) 스카이패스,
2026-05-07,19:52,지출,온라인쇼핑,홈쇼핑,주식회사 코리아성지,-59690,KRW,Air One (에어원) 스카이패스,
2026-05-07,07:55,지출,자동차,통행료,한국도로공사,-1800,KRW,HYUNDAI BLUE members Family M2 Edition2(현대자동차_하이패스),
2026-05-07,01:18,지출,교육/학습,학원/강의,ALIPAY CONNECT PTE. LTD,-75000,KRW,카카오페이 간편결제,
2026-05-06,18:41,지출,교통,철도,한국철도공사,-23700,KRW,카카오페이 간편결제,
2026-05-06,18:09,지출,생활,마트,한샘마트,-19600,KRW,KT DC Plus KB국민카드,
2026-05-06,15:11,지출,온라인쇼핑,서비스구독,ALIPAY CONNECT PTE. LTD,-30000,KRW,카카오페이 간편결제,
2026-05-06,13:45,이체,저축,미분류,THIDA TUN,20000000,KRW,신한 주거래 우대통장(S-lite),
2026-05-06,13:42,이체,저축,미분류,THIDA TUN,7000000,KRW,신한 주거래 우대통장(S-lite),
2026-05-06,13:40,이체,저축,미분류,THIDA TUN,5000000,KRW,신한 주거래 우대통장(S-lite),
2026-05-05,18:18,지출,온라인쇼핑,홈쇼핑,주식회사 코리아성지,-11290,KRW,Air One (에어원) 스카이패스,
2026-05-05,15:40,지출,문화/여가,전시/관람,현대 모터스튜디오 고양,-8100,KRW,KT DC Plus KB국민카드,
2026-05-05,15:17,지출,문화/여가,전시/관람,현대 모터스튜디오 고양,-6400,KRW,KT DC Plus KB국민카드,
2026-05-05,08:13,이체,이체,미분류,이용순,100000,KRW,신한 주거래 우대통장(S-lite),
2026-05-04,21:09,지출,카페/간식,커피/음료,빵카페 그랑팡,-25500,KRW,KT DC Plus KB국민카드,
2026-05-04,20:46,지출,생활,생필품,부평구시설관리공단(키오스크),-300,KRW,KT DC Plus KB국민카드,
2026-05-04,00:00,지출,교통,대중교통,모바일_삼성페이_후불지하철,-1550,KRW,Air One (에어원) 스카이패스,
2026-05-03,12:41,지출,온라인쇼핑,인터넷쇼핑,주식회사 카카오,-10400,KRW,카카오페이 간편결제,
2026-05-03,10:15,지출,금융,증권/투자,0713929795345,-1000000,KRW,신한 주거래 우대통장(S-lite),
2026-05-03,10:14,지출,금융,증권/투자,0713929795343,-1000000,KRW,신한 주거래 우대통장(S-lite),
2026-05-03,10:13,지출,금융,증권/투자,0713929795341,-1000000,KRW,신한 주거래 우대통장(S-lite),
2026-05-03,10:11,지출,뷰티/미용,헤어샵,0713929795339,-1000000,KRW,신한 주거래 우대통장(S-lite),
2026-05-03,10:10,지출,뷰티/미용,헤어샵,0713929795337,-1000000,KRW,신한 주거래 우대통장(S-lite),
2026-05-03,10:09,지출,금융,증권/투자,0713929795335,-1000000,KRW,신한 주거래 우대통장(S-lite),
2026-05-03,05:04,지출,자동차,통행료,한국도로공사,-1500,KRW,HYUNDAI BLUE members Family M2 Edition2(현대자동차_하이패스),
2026-05-02,20:18,이체,이체,미분류,이용순,-1002000,KRW,신한 주거래 우대통장(S-lite),
2026-05-02,20:03,이체,미분류,미분류,입금 내역,1000000,KRW,신한 주거래 우대통장(S-lite),
2026-05-02,20:02,이체,미분류,미분류,출금 내역,-1000000,KRW,신한 주거래 우대통장(S-lite),
2026-05-02,20:01,이체,미분류,미분류,출금 내역,-1000000,KRW,신한 주거래 우대통장(S-lite),
2026-05-02,20:00,이체,미분류,미분류,출금 내역,-1000000,KRW,신한 주거래 우대통장(S-lite),
2026-05-02,19:59,이체,미분류,미분류,출금 내역,-1000000,KRW,신한 주거래 우대통장(S-lite),
2026-05-02,19:58,이체,미분류,미분류,출금 내역,-1000000,KRW,신한 주거래 우대통장(S-lite),
2026-05-02,19:57,이체,미분류,미분류,출금 내역,-1000000,KRW,신한 주거래 우대통장(S-lite),
2026-05-02,09:23,지출,온라인쇼핑,홈쇼핑,주식회사 코리아성지,-44300,KRW,Air One (에어원) 스카이패스,
2026-05-02,07:40,지출,금융,세금/과태료,토스인컴,-100,KRW,토스 간편결제,
2026-05-01,20:13,이체,이체,미분류,이용숙,300000,KRW,신한 주거래 우대통장(S-lite),
2026-05-01,11:57,지출,온라인쇼핑,인터넷쇼핑,주식회사 카카오,-18400,KRW,카카오페이 간편결제,
2026-05-01,08:21,지출,온라인쇼핑,홈쇼핑,주식회사 코리아성지,-35860,KRW,Air One (에어원) 스카이패스,
2026-05-01,05:06,지출,주거/통신,휴대폰,자동결제2_다날1,-3483,KRW,Air One (에어원) 스카이패스,
2026-04-30,08:41,이체,현금,미분류,004.송영애,-800000,KRW,신한 주거래 우대통장(S-lite),
2026-04-29,20:03,지출,생활,편의점,코레일유통주식회사(부개역),-3000,KRW,KT DC Plus KB국민카드,
2026-04-29,19:46,지출,생활,마트,한샘마트,-18560,KRW,KT DC Plus KB국민카드,
2026-04-29,16:35,지출,온라인쇼핑,홈쇼핑,주식회사 코리아성지,-86490,KRW,Air One (에어원) 스카이패스,
2026-04-29,00:00,지출,교통,대중교통,모바일_삼성페이_후불지하철,-1550,KRW,Air One (에어원) 스카이패스,
2026-04-28,13:58,지출,생활,편의점,씨유(CU) 부개서초교점,-2400,KRW,Air One (에어원) 스카이패스,
2026-04-28,11:06,지출,카페/간식,커피/음료,메가엠지씨 커피 인천 부개점,-2900,KRW,Air One (에어원) 스카이패스,
2026-04-28,07:07,지출,자동차,통행료,한국도로공사,-900,KRW,HYUNDAI BLUE members Family M2 Edition2(현대자동차_하이패스),
2026-04-28,07:07,지출,자동차,통행료,서울터널,-5400,KRW,HYUNDAI BLUE members Family M2 Edition2(현대자동차_하이패스),
2026-04-28,07:07,지출,생활,생활서비스,인천광역시경제자유구역청,-4000,KRW,HYUNDAI BLUE members Family M2 Edition2(현대자동차_하이패스),
2026-04-28,06:37,이체,저축,미분류,카카오(c),1530,KRW,신한 주거래 우대통장(S-lite),
2026-04-27,19:21,지출,금융,보험,NH손보106회,-43470,KRW,신한 주거래 우대통장(S-lite),
2026-04-27,18:55,지출,금융,카드,현대카드(주),-1483051,KRW,신한 주거래 우대통장(S-lite),
2026-04-27,18:55,지출,금융,카드,현대카드(주),-34100,KRW,신한 주거래 우대통장(S-lite),
2026-04-27,18:51,이체,카드대금,미분류,KB카드출금,-340890,KRW,신한 주거래 우대통장(S-lite),
2026-04-27,18:38,지출,금융,이자/대출,한국장학재단,-58817,KRW,신한 주거래 우대통장(S-lite),
2026-04-27,18:11,이체,카드대금,미분류,신한카드,-2691450,KRW,신한 주거래 우대통장(S-lite),
2026-04-27,15:28,지출,생활,편의점,GS25 부개SK뷰점,-3000,KRW,카카오페이 간편결제,
2026-04-27,10:44,지출,카페/간식,커피/음료,메가엠지씨 커피 인천 부개점,-3600,KRW,Air One (에어원) 스카이패스,
2026-04-27,06:08,지출,금융,증권/투자,311243546349,-79835,KRW,신한 주거래 우대통장(S-lite),
2026-04-27,06:08,지출,여행/숙박,항공권,311234455656,-48988,KRW,신한 주거래 우대통장(S-lite),
2026-04-27,05:18,지출,자동차,통행료,한국도로공사,-900,KRW,HYUNDAI BLUE members Family M2 Edition2(현대자동차_하이패스),
2026-04-26,18:32,지출,교통,택시,주식회사 카카오모빌리티,-4800,KRW,Air One (에어원) 스카이패스,
2026-04-26,17:59,지출,문화/여가,전시/관람,(주)서울오션아쿠아리움,-23000,KRW,Air One (에어원) 스카이패스,
2026-04-25,12:06,지출,식비,한식,엠브로돈까스 북가좌점,-19800,KRW,Air One (에어원) 스카이패스,
2026-04-25,04:29,수입,금융수입,미분류,이자,1,KRW,MY 입출금통장,
2026-04-25,00:51,지출,온라인쇼핑,서비스구독,Netflix.com,-17000,KRW,Air One (에어원) 스카이패스,
2026-04-25,00:00,지출,교통,대중교통,모바일_삼성페이_후불지하철,-3500,KRW,Air One (에어원) 스카이패스,
2026-04-24,18:25,지출,온라인쇼핑,홈쇼핑,주식회사 코리아성지,-40740,KRW,Air One (에어원) 스카이패스,
2026-04-24,15:23,지출,주거/통신,관리비,KB아파트관리비,-249110,KRW,KT DC Plus KB국민카드,
2026-04-24,08:51,지출,교통,철도,한국철도공사,23700,KRW,카카오페이 간편결제,
2026-04-24,07:00,지출,교통,철도,한국철도공사,-22500,KRW,카카오페이 간편결제,
2026-04-23,18:43,지출,온라인쇼핑,서비스구독,유튜브프리미엄,-14900,KRW,Air One (에어원) 스카이패스,
2026-04-23,17:31,지출,생활,마트,한샘마트,-15290,KRW,KT DC Plus KB국민카드,
2026-04-22,19:43,지출,생활,마트,한샘마트,-18370,KRW,KT DC Plus KB국민카드,
2026-04-22,17:44,이체,저축,미분류,THIDA TUN,4200000,KRW,신한 주거래 우대통장(S-lite),
2026-04-22,17:43,이체,저축,미분류,THIDA TUN,9000000,KRW,신한 주거래 우대통장(S-lite),
2026-04-22,17:43,이체,저축,미분류,THIDA TUN,9000000,KRW,신한 주거래 우대통장(S-lite),
2026-04-22,13:27,지출,주거/통신,월세,원옌츄(더풋샵인천대,-350000,KRW,신한 주거래 우대통장(S-lite),
2026-04-22,09:38,지출,자동차,주차,스마트로_세외수입(오프),-450,KRW,KT DC Plus KB국민카드,
2026-04-22,09:28,지출,의료/건강,약국,메디팜하나로약국,-2300,KRW,KT DC Plus KB국민카드,
2026-04-22,09:24,지출,의료/건강,소아과,이현주소아청소년과의원,-2900,KRW,KT DC Plus KB국민카드,
2026-04-21,23:13,지출,생활,생활서비스,이지디자인,-746,KRW,네이버페이 간편결제(포인트),
2026-04-21,23:13,지출,생활,생활서비스,이지디자인,-33054,KRW,네이버페이 간편결제,
2026-04-21,19:59,지출,생활,마트,홈플러스익스프레스  인천부개역점,-2500,KRW,Air One (에어원) 스카이패스,
2026-04-21,19:58,지출,생활,마트,홈플러스익스프레스  인천부개역점,-11540,KRW,Air One (에어원) 스카이패스,
2026-04-21,18:17,지출,교통,철도,한국철도공사,-23700,KRW,카카오페이 간편결제,
2026-04-21,07:17,지출,자동차,통행료,한국도로공사,-2400,KRW,HYUNDAI BLUE members Family M2 Edition2(현대자동차_하이패스),
2026-04-21,00:00,지출,교통,대중교통,모바일_삼성페이_후불지하철,-1850,KRW,Air One (에어원) 스카이패스,
2026-04-20,17:33,지출,온라인쇼핑,홈쇼핑,주식회사 코리아성지,-44290,KRW,Air One (에어원) 스카이패스,
2026-04-20,07:10,지출,금융,보험,KB손021 04,-13000,KRW,신한 주거래 우대통장(S-lite),
2026-04-19,19:40,지출,식비,양식,(유)아웃백스테이크하우스 파주점,-169830,KRW,Air One (에어원) 스카이패스,
2026-04-19,10:46,지출,생활,마트,한샘마트,-102790,KRW,KT DC Plus KB국민카드,
2026-04-18,09:59,지출,자동차,주차,스마트로_세외수입(오프),-650,KRW,KT DC Plus KB국민카드,
2026-04-18,09:49,지출,의료/건강,약국,메디팜하나로약국,-7300,KRW,KT DC Plus KB국민카드,
2026-04-18,09:47,지출,의료/건강,소아과,이현주소아청소년과의원,-3500,KRW,KT DC Plus KB국민카드,
2026-04-18,09:46,이체,저축,미분류,예금결산이자,0,KRW,우리 SUPER주거래 통장,
2026-04-18,00:00,지출,교통,대중교통,모바일_삼성페이_후불지하철,-1750,KRW,Air One (에어원) 스카이패스,
2026-04-17,20:24,지출,카페/간식,커피/음료,빽다방 인천부개코오롱점,-8100,KRW,KT DC Plus KB국민카드,
2026-04-17,15:54,이체,현금,미분류,THIDA TUN,-30000,KRW,신한 주거래 우대통장(S-lite),
2026-04-16,20:09,이체,저축,미분류,THIDA TUN,5000000,KRW,신한 주거래 우대통장(S-lite),
2026-04-16,14:10,수입,급여,미분류,육아급여고용부,2500000,KRW,신한 주거래 우대통장(S-lite),
2026-04-16,13:06,지출,뷰티/미용,헤어샵,0713929779080,-1000000,KRW,신한 주거래 우대통장(S-lite),
2026-04-16,13:05,지출,뷰티/미용,헤어샵,0713929779078,-1000000,KRW,신한 주거래 우대통장(S-lite),
2026-04-16,13:04,지출,뷰티/미용,헤어샵,0713929779076,-1000000,KRW,신한 주거래 우대통장(S-lite),
2026-04-16,13:03,지출,뷰티/미용,헤어샵,0713929779074,-1000000,KRW,신한 주거래 우대통장(S-lite),
2026-04-16,13:02,지출,뷰티/미용,헤어샵,0713929779072,-1000000,KRW,신한 주거래 우대통장(S-lite),
2026-04-16,13:01,지출,뷰티/미용,헤어샵,0713929779070,-1000000,KRW,신한 주거래 우대통장(S-lite),
2026-04-16,12:25,이체,저축,미분류,THIDA TUN,6000000,KRW,신한 주거래 우대통장(S-lite),
2026-04-15,20:01,지출,생활,생필품,주식회사 아성다이소,-25000,KRW,Air One (에어원) 스카이패스,
2026-04-15,17:52,지출,온라인쇼핑,인터넷쇼핑,주식회사 카카오,-24100,KRW,카카오페이 간편결제,
2026-04-15,15:44,지출,생활,생활서비스,프린트카페 부평역점,-140,KRW,KT DC Plus KB국민카드,
2026-04-15,15:41,지출,생활,생활서비스,프린트카페 부평역점,-140,KRW,KT DC Plus KB국민카드,
2026-04-15,12:35,지출,여행/숙박,항공권,주식회사 파라타항공,-116100,KRW,Air One (에어원) 스카이패스,
2026-04-15,12:35,지출,여행/숙박,항공권,주식회사 파라타항공,-131300,KRW,Air One (에어원) 스카이패스,
2026-04-15,12:35,지출,여행/숙박,여행,놀유니버스,-5000,KRW,Air One (에어원) 스카이패스,
2026-04-15,12:35,지출,여행/숙박,여행,놀유니버스,-5000,KRW,Air One (에어원) 스카이패스,
2026-04-15,11:42,지출,의료/건강,약국,한마을약국,-2000,KRW,KT DC Plus KB국민카드,
2026-04-15,11:39,지출,의료/건강,피부과,메트로피부과,-5600,KRW,KT DC Plus KB국민카드,
2026-04-15,09:46,이체,이체,미분류,이*미,200000,KRW,카카오페이 머니,
2026-04-15,07:07,지출,주거/통신,인터넷,LGU+77651357,-13910,KRW,신한 주거래 우대통장(S-lite),
2026-04-15,07:05,지출,주거/통신,인터넷,LGU+84273357,-10280,KRW,신한 주거래 우대통장(S-lite),
2026-04-14,18:25,지출,금융,이자/대출,한국장학재단,-58510,KRW,신한 주거래 우대통장(S-lite),
2026-04-14,00:00,지출,교통,대중교통,모바일_삼성페이_후불지하철,-1750,KRW,Air One (에어원) 스카이패스,
2026-04-13,10:45,지출,온라인쇼핑,인터넷쇼핑,나이스_당근페이,-500000,KRW,Air One (에어원) 스카이패스,
2026-04-13,09:46,지출,식비,한식,김밥천국송도점,-3500,KRW,KT DC Plus KB국민카드,
2026-04-13,09:46,지출,생활,편의점,이마트24 송도캐슬센트럴점,-1100,KRW,KT DC Plus KB국민카드,
2026-04-13,08:58,지출,주거/통신,인터넷,KT유선상품자동납부,-36300,KRW,KT DC Plus KB국민카드,
2026-04-12,20:58,지출,온라인쇼핑,홈쇼핑,주식회사 코리아성지,-86780,KRW,Air One (에어원) 스카이패스,
2026-04-12,16:58,지출,카페/간식,커피/음료,(주)라붐에프앤비,-11500,KRW,KT DC Plus KB국민카드,
2026-04-12,10:32,지출,카페/간식,커피/음료,(주)라붐에프앤비,-18000,KRW,KT DC Plus KB국민카드,
2026-04-10,22:19,이체,저축,미분류,THIDA TUN,132000,KRW,신한 주거래 우대통장(S-lite),
2026-04-10,22:17,이체,이체,미분류,이서정,-132000,KRW,신한 주거래 우대통장(S-lite),
2026-04-10,18:27,지출,금융,이자/대출,한국장학재단,-60292,KRW,신한 주거래 우대통장(S-lite),
2026-04-10,16:04,이체,현금,미분류,THIDA TUN,-443000,KRW,신한 주거래 우대통장(S-lite),
2026-04-10,14:56,이체,이체,미분류,안연심,-50000,KRW,신한 주거래 우대통장(S-lite),
2026-04-10,14:07,이체,이체,미분류,안연심,-400000,KRW,신한 주거래 우대통장(S-lite),
2026-04-10,14:07,이체,이체,미분류,안연심,-1800000,KRW,신한 주거래 우대통장(S-lite),
2026-04-10,13:22,지출,뷰티/미용,헤어샵,하르르,-9000,KRW,Air One (에어원) 스카이패스,
2026-04-10,13:20,이체,저축,미분류,THIDA TUN,3000000,KRW,신한 주거래 우대통장(S-lite),
2026-04-10,07:01,지출,온라인쇼핑,인터넷쇼핑,인천가스2604,-194950,KRW,신한 주거래 우대통장(S-lite),
2026-04-09,08:09,지출,주거/통신,휴대폰,LG  U+통신요금  자동이체,-26900,KRW,Air One (에어원) 스카이패스,
2026-04-08,21:32,지출,뷰티/미용,헤어샵,하르르헤어,-9000,KRW,네이버페이 간편결제,
2026-04-08,18:25,지출,금융,이자/대출,한국장학재단,-69159,KRW,신한 주거래 우대통장(S-lite),
2026-04-08,18:25,지출,금융,이자/대출,한국장학재단,-59826,KRW,신한 주거래 우대통장(S-lite),
2026-04-08,17:49,지출,카페/간식,커피/음료,메가엠지씨 커피 인천 부개점,-8100,KRW,Air One (에어원) 스카이패스,
2026-04-08,17:37,지출,식비,고기,유한실사현수막광고,-35000,KRW,Air One (에어원) 스카이패스,
2026-04-08,16:26,지출,식비,한식,진선미꽃2호점,-10000,KRW,Air One (에어원) 스카이패스,
2026-04-08,10:49,지출,금융,은행,환전지갑신청(0996CCS264390911),-14799800,KRW,저축예금,
2026-04-08,10:20,이체,저축,미분류,THIDA TUN,7550000,KRW,신한 주거래 우대통장(S-lite),
2026-04-08,10:19,이체,저축,미분류,THIDA TUN,7500000,KRW,신한 주거래 우대통장(S-lite),
2026-04-07,16:52,지출,온라인쇼핑,홈쇼핑,주식회사 코리아성지,-56200,KRW,Air One (에어원) 스카이패스,
2026-04-07,15:56,지출,카페/간식,커피/음료,빽다방 인천부개코오롱점,-9000,KRW,Air One (에어원) 스카이패스,
2026-04-06,17:25,지출,온라인쇼핑,홈쇼핑,주식회사 코리아성지,-26060,KRW,Air One (에어원) 스카이패스,
2026-04-06,09:18,지출,생활,생활서비스,이지디자인,-291,KRW,네이버페이 간편결제(포인트),
2026-04-06,09:18,지출,생활,생활서비스,이지디자인,-33509,KRW,네이버페이 간편결제,
2026-04-05,17:49,지출,자동차,주차,주차장_KICC,-6000,KRW,KT DC Plus KB국민카드,
2026-04-05,10:57,지출,온라인쇼핑,인터넷쇼핑,인천광역시(비)_스마트로,-1500,KRW,KT DC Plus KB국민카드,
2026-04-05,10:36,지출,금융,증권/투자,0811367528171,-1000900,KRW,신한 주거래 우대통장(S-lite),
2026-04-05,10:35,지출,금융,증권/투자,0811367528169,-1000000,KRW,신한 주거래 우대통장(S-lite),
2026-04-05,10:34,지출,금융,증권/투자,0811367528167,-1000000,KRW,신한 주거래 우대통장(S-lite),
2026-04-05,10:34,지출,금융,증권/투자,0811367528165,-1000000,KRW,신한 주거래 우대통장(S-lite),
2026-04-05,10:33,지출,금융,증권/투자,0811367528163,-1000000,KRW,신한 주거래 우대통장(S-lite),
2026-04-05,10:32,지출,금융,증권/투자,0811367528161,-1000000,KRW,신한 주거래 우대통장(S-lite),
2026-04-05,09:50,이체,저축,미분류,THIDA TUN,6000000,KRW,신한 주거래 우대통장(S-lite),
2026-04-04,15:59,지출,카페/간식,베이커리,(주)분아뜰리에 MHT인천지점,-26300,KRW,Air One (에어원) 스카이패스,
2026-04-04,10:52,지출,뷰티/미용,헤어샵,0713929776933,-1000000,KRW,신한 주거래 우대통장(S-lite),
2026-04-04,10:51,지출,뷰티/미용,헤어샵,0713929776931,-1000000,KRW,신한 주거래 우대통장(S-lite),
2026-04-04,10:50,지출,뷰티/미용,헤어샵,0713929776929,-1000000,KRW,신한 주거래 우대통장(S-lite),
2026-04-04,10:49,지출,금융,증권/투자,0713929776927,-1000000,KRW,신한 주거래 우대통장(S-lite),
2026-04-04,10:47,지출,금융,증권/투자,0713929776923,-1000000,KRW,신한 주거래 우대통장(S-lite),
2026-04-04,10:46,지출,금융,증권/투자,0713929776921,-1000000,KRW,신한 주거래 우대통장(S-lite),
2026-04-04,10:16,이체,저축,미분류,THIDA TUN,6000000,KRW,신한 주거래 우대통장(S-lite),
2026-04-04,01:19,지출,금융,이자/대출,한도대출이자,-237136,KRW,저축예금,
2026-04-02,18:03,지출,생활,편의점,지에스(GS)25 부개북부역,-12100,KRW,Air One (에어원) 스카이패스,
2026-04-02,14:12,지출,금융,보험,삼성화재해상보험(주),-5310,KRW,Air One (에어원) 스카이패스,
2026-04-02,14:12,지출,금융,보험,삼성화재해상보험(주),-536600,KRW,Air One (에어원) 스카이패스,
2026-04-02,13:43,지출,금융,보험,삼성화재해상보험(주),-351420,KRW,Air One (에어원) 스카이패스,
2026-04-02,09:53,지출,생활,생활서비스,우정사업본부(우체국),-2920,KRW,Air One (에어원) 스카이패스,
2026-04-01,19:09,지출,온라인쇼핑,홈쇼핑,주식회사 코리아성지,-35590,KRW,Air One (에어원) 스카이패스,
2026-04-01,15:52,지출,생활,생활서비스,이지디자인,-90,KRW,네이버페이 간편결제(포인트),
2026-04-01,15:52,지출,생활,생활서비스,이지디자인,-38110,KRW,네이버페이 간편결제,
2026-04-01,05:06,지출,주거/통신,휴대폰,자동결제2_다날1,-3483,KRW,Air One (에어원) 스카이패스,
2026-03-31,19:02,지출,온라인쇼핑,홈쇼핑,주식회사 코리아성지,-64340,KRW,Air One (에어원) 스카이패스,
2026-03-31,07:24,지출,자동차,통행료,한국도로공사,-5200,KRW,HYUNDAI BLUE members Family M2 Edition2(현대자동차_하이패스),
2026-03-31,07:24,지출,자동차,통행료,서부내륙고속도로,-3700,KRW,HYUNDAI BLUE members Family M2 Edition2(현대자동차_하이패스),
2026-03-31,07:24,지출,자동차,통행료,제이서해안고속도로,-2900,KRW,HYUNDAI BLUE members Family M2 Edition2(현대자동차_하이패스),
2026-03-30,09:32,지출,자동차,주차,스마트로-세외수입(비인증),-650,KRW,Air One (에어원) 스카이패스,
2026-03-30,09:23,지출,의료/건강,약국,메디팜하나로약국,-6000,KRW,Air One (에어원) 스카이패스,
2026-03-30,09:20,지출,의료/건강,약국,메디팜하나로약국,-2800,KRW,Air One (에어원) 스카이패스,
2026-03-30,09:17,지출,의료/건강,소아과,이현주소아청소년과의원,-2900,KRW,Air One (에어원) 스카이패스,
2026-03-30,08:46,이체,현금,미분류,004.송영애,-800000,KRW,신한 주거래 우대통장(S-lite),
2026-03-30,05:04,지출,자동차,통행료,한국도로공사,-10000,KRW,HYUNDAI BLUE members Family M2 Edition2(현대자동차_하이패스),
2026-03-29,21:09,이체,현금,미분류,THIDA TUN,-200000,KRW,신한 주거래 우대통장(S-lite),
2026-03-29,16:34,지출,문화/여가,음악,빌리,-22300,KRW,Air One (에어원) 스카이패스,
2026-03-29,10:29,이체,미분류,미분류,입금 내역,5,KRW,NH주거래우대통장,
2026-03-28,21:15,지출,카페/간식,커피/음료,(주)에스씨케이 컴퍼니,-20000,KRW,Air One (에어원) 스카이패스,
2026-03-28,13:30,지출,카페/간식,베이커리,뚜레쥬르 부개역북부점,-23000,KRW,Air One (에어원) 스카이패스,
2026-03-28,04:19,수입,금융수입,미분류,이자,1,KRW,MY 입출금통장,
2026-03-27,09:54,지출,온라인쇼핑,인터넷쇼핑,주식회사 카카오,-5200,KRW,카카오페이 간편결제,
2026-03-27,09:32,지출,자동차,주차,스마트로-세외수입(비인증),-850,KRW,Air One (에어원) 스카이패스,
2026-03-27,09:18,지출,의료/건강,약국,메디팜하나로약국,-2500,KRW,Air One (에어원) 스카이패스,
2026-03-27,09:16,지출,의료/건강,소아과,이현주소아청소년과의원,-900,KRW,Air One (에어원) 스카이패스,
2026-03-27,09:15,지출,의료/건강,소아과,이현주소아청소년과의원,-4000,KRW,Air One (에어원) 스카이패스,
2026-03-27,06:01,지출,여행/숙박,항공권,311234455656,-44247,KRW,신한 주거래 우대통장(S-lite),
2026-03-26,18:27,이체,카드대금,미분류,KB카드출금,-293230,KRW,신한 주거래 우대통장(S-lite),
2026-03-26,18:01,이체,카드대금,미분류,신한카드,-1283652,KRW,신한 주거래 우대통장(S-lite),
2026-03-26,17:14,지출,의료/건강,약국,부개하늘약국,-4000,KRW,Air One (에어원) 스카이패스,
2026-03-26,15:28,지출,카페/간식,도넛/핫도그,카페 앨리스,-10500,KRW,Air One (에어원) 스카이패스,
2026-03-26,13:43,이체,저축,미분류,THIDA TUN,440500,KRW,신한 주거래 우대통장(S-lite),
2026-03-26,13:10,지출,온라인쇼핑,인터넷쇼핑,FACEBOOK ADVERTISING (KOR,-12047,KRW,Air One (에어원) 스카이패스,
2026-03-26,12:56,지출,여행/숙박,항공권,주식회사 파라타항공,-420400,KRW,Air One (에어원) 스카이패스,
2026-03-26,12:56,지출,여행/숙박,여행,놀유니버스,-10000,KRW,Air One (에어원) 스카이패스,
2026-03-26,11:27,지출,의료/건강,약국,일호약국,-6200,KRW,Air One (에어원) 스카이패스,
2026-03-26,11:25,지출,의료/건강,안과,부평드림안과,-13100,KRW,Air One (에어원) 스카이패스,
2026-03-26,10:55,이체,미분류,미분류,입금 내역,330000,KRW,신한 주거래 우대통장(S-lite),
2026-03-26,06:00,지출,금융,증권/투자,311243546349,-66586,KRW,신한 주거래 우대통장(S-lite),
2026-03-26,05:34,지출,자동차,통행료,서울터널,-5400,KRW,HYUNDAI BLUE members Family M2 Edition2(현대자동차_하이패스),
2026-03-25,19:10,지출,금융,보험,NH손보105회,-43470,KRW,신한 주거래 우대통장(S-lite),
2026-03-25,18:49,지출,금융,카드,현대카드(주),-1483051,KRW,신한 주거래 우대통장(S-lite),
2026-03-25,18:49,지출,금융,카드,현대카드(주),-5400,KRW,신한 주거래 우대통장(S-lite),
2026-03-25,18:36,지출,금융,이자/대출,한국장학재단,-58398,KRW,신한 주거래 우대통장(S-lite),
2026-03-25,15:22,지출,주거/통신,관리비,KB아파트관리비,-267790,KRW,KT DC Plus KB국민카드,
2026-03-25,03:43,수입,급여,미분류,급여,1406940,KRW,신한 주거래 우대통장(S-lite),
2026-03-25,01:16,지출,온라인쇼핑,서비스구독,Netflix.com,-17000,KRW,Air One (에어원) 스카이패스,
2026-03-24,14:28,지출,자동차,주유,(주)승지 승일주유소,-6000,KRW,Air One (에어원) 스카이패스,
2026-03-24,13:42,지출,자동차,주차,세외수입-KICC,-500,KRW,Air One (에어원) 스카이패스,
2026-03-24,09:36,지출,금융,은행,환전지갑신청(0996CCS263358029),-7497050,KRW,저축예금,
2026-03-24,03:11,이체,저축,미분류,THIDA TUN,150000,KRW,신한 주거래 우대통장(S-lite),
2026-03-24,03:10,이체,저축,미분류,THIDA TUN,4545000,KRW,신한 주거래 우대통장(S-lite),
2026-03-24,03:08,이체,저축,미분류,THIDA TUN,9000000,KRW,신한 주거래 우대통장(S-lite),
2026-03-24,03:08,이체,저축,미분류,THIDA TUN,9000000,KRW,신한 주거래 우대통장(S-lite),
2026-03-24,00:31,지출,금융,은행,환전지갑신청(0996CCS263357446),-7444000,KRW,저축예금,
2026-03-23,20:44,지출,여행/숙박,해외결제,외화사신금액,-7463000,KRW,저축예금,
2026-03-23,18:43,지출,온라인쇼핑,서비스구독,유튜브프리미엄,-14900,KRW,Air One (에어원) 스카이패스,
2026-03-23,17:39,지출,카페/간식,도넛/핫도그,신사와꽈배기,-3000,KRW,Air One (에어원) 스카이패스,
2026-03-23,17:28,지출,생활,생필품,주식회사 아성다이소,-9000,KRW,Air One (에어원) 스카이패스,
2026-03-23,15:29,지출,카페/간식,커피/음료,빽다방 인천부개코오롱점,-6400,KRW,Air One (에어원) 스카이패스,
2026-03-23,04:32,지출,자동차,통행료,한국도로공사,-900,KRW,HYUNDAI BLUE members Family M2 Edition2(현대자동차_하이패스),
2026-03-23,00:00,지출,교통,대중교통,모바일_삼성페이_후불지하철,-450,KRW,Air One (에어원) 스카이패스,
2026-03-23,00:00,지출,교통,대중교통,모바일_삼성페이_후불버스,-1500,KRW,Air One (에어원) 스카이패스,
2026-03-22,12:49,이체,투자,미분류,김상아(문구다),500,KRW,신한 주거래 우대통장(S-lite),
2026-03-22,12:35,지출,온라인쇼핑,홈쇼핑,주식회사 코리아성지,-30900,KRW,Air One (에어원) 스카이패스,
2026-03-22,12:30,지출,생활,생필품,문구다,-2500,KRW,Air One (에어원) 스카이패스,
2026-03-22,12:22,지출,온라인쇼핑,인터넷쇼핑,주식회사 카카오,-39900,KRW,카카오페이 간편결제,
2026-03-22,10:03,지출,자동차,통행료,한국도로공사,-4200,KRW,HYUNDAI BLUE members Family M2 Edition2(현대자동차_하이패스),
2026-03-21,12:40,지출,패션/쇼핑,패션,드림790,-36100,KRW,KT DC Plus KB국민카드,
2026-03-21,11:59,지출,자동차,주차,파킹클라우드,-1000,KRW,Air One (에어원) 스카이패스,
2026-03-21,11:26,이체,저축,미분류,예금결산이자,0,KRW,우리 SUPER주거래 통장,
2026-03-21,10:43,이체,저축,미분류,예금결산이자,0,KRW,WON 통장,
2026-03-21,03:55,이체,미분류,미분류,입금 내역,224,KRW,저축예금,
2026-03-21,03:32,수입,금융수입,미분류,12.20~03.20,0,KRW,U드림 저축예금 (인터넷전용),
2026-03-21,03:05,이체,저축,미분류,12.20~03.20,470,KRW,신한 주거래 우대통장(S-lite),
2026-03-21,01:48,수입,금융수입,미분류,12.20~03.20,0,KRW,저축예금,
2026-03-21,01:32,수입,금융수입,미분류,12.20~03.20,0,KRW,신한S-MORE(에스모어)포인트통장,
2026-03-21,01:16,수입,금융수입,미분류,12.20~03.20,0,KRW,사이버증권거래저축예금,
2026-03-20,19:06,지출,의료/건강,약국,부개하늘약국,-1000,KRW,Air One (에어원) 스카이패스,
2026-03-20,07:30,지출,자동차,정비/수리,주식회사 오토피디아,-7560,KRW,카카오페이 간편결제,
2026-03-20,07:30,이체,이체,미분류,카카오페이,-10000,KRW,신한 주거래 우대통장(S-lite),
2026-03-20,07:10,지출,금융,보험,KB손020 03,-13000,KRW,신한 주거래 우대통장(S-lite),
2026-03-19,18:07,지출,온라인쇼핑,홈쇼핑,주식회사 코리아성지,-11520,KRW,Air One (에어원) 스카이패스,
2026-03-19,15:11,지출,생활,편의점,코레일유통주식회사(부개역),-4500,KRW,Air One (에어원) 스카이패스,
2026-03-19,00:00,지출,교통,대중교통,모바일_삼성페이_후불지하철,-1850,KRW,Air One (에어원) 스카이패스,
2026-03-18,07:19,수입,기타수입,미분류,토스372,1,KRW,토스뱅크 통장,
2026-03-17,16:40,지출,의료/건강,약국,부개하늘약국,-1000,KRW,Air One (에어원) 스카이패스,
2026-03-17,15:13,지출,카페/간식,커피/음료,빽다방 인천부개코오롱점,-10000,KRW,Air One (에어원) 스카이패스,
2026-03-17,13:21,이체,저축,미분류,THIDA TUN,5000000,KRW,신한 주거래 우대통장(S-lite),
2026-03-17,07:01,지출,자동차,통행료,한국도로공사,-1800,KRW,HYUNDAI BLUE members Family M2 Edition2(현대자동차_하이패스),
2026-03-17,00:00,지출,교통,대중교통,모바일_삼성페이_후불지하철,-1950,KRW,Air One (에어원) 스카이패스,
2026-03-16,23:45,지출,온라인쇼핑,인터넷쇼핑,나이스_당근페이,-500000,KRW,Air One (에어원) 스카이패스,
2026-03-16,18:29,지출,금융,이자/대출,한국장학재단,-58510,KRW,신한 주거래 우대통장(S-lite),
2026-03-16,15:05,지출,자동차,미분류,공공서비스,-2700,KRW,Air One (에어원) 스카이패스,
2026-03-16,14:54,이체,이체,미분류,안연심,-200000,KRW,신한 주거래 우대통장(S-lite),
2026-03-16,07:05,지출,주거/통신,인터넷,LGU+77651357,-33900,KRW,신한 주거래 우대통장(S-lite),
2026-03-16,07:04,지출,주거/통신,인터넷,LGU+84273357,-12130,KRW,신한 주거래 우대통장(S-lite),
2026-03-15,14:36,지출,문화/여가,테마파크,현대모터스튜디오 고양,-38500,KRW,Air One (에어원) 스카이패스,
2026-03-14,21:35,이체,카드대금,미분류,SUN YUTING,-1150000,KRW,저축예금,
2026-03-14,17:53,지출,생활,편의점,씨유(CU)연수에듀파크점,-9600,KRW,Air One (에어원) 스카이패스,
2026-03-13,21:36,지출,술/유흥,맥주/호프,주식회사엔엠에프,-68200,KRW,Air One (에어원) 스카이패스,
2026-03-13,15:16,지출,식비,식재료,과일야채,-3000,KRW,Air One (에어원) 스카이패스,
2026-03-13,11:23,지출,온라인쇼핑,인터넷쇼핑,주식회사 카카오,-11600,KRW,카카오페이 간편결제,
2026-03-13,00:00,지출,교통,대중교통,모바일_삼성페이_후불지하철,-1950,KRW,Air One (에어원) 스카이패스,
2026-03-12,19:27,지출,온라인쇼핑,홈쇼핑,주식회사 코리아성지,-49100,KRW,Air One (에어원) 스카이패스,
2026-03-12,14:29,지출,문화/여가,도서,알라딘중고서점 (송도)문화비,-9900,KRW,Air One (에어원) 스카이패스,
2026-03-11,09:33,이체,이체,미분류,카카오페이,-100000,KRW,신한 주거래 우대통장(S-lite),
2026-03-11,09:21,지출,여행/숙박,해외결제,외화사신금액,-7358850,KRW,저축예금,
2026-03-11,08:58,지출,주거/통신,인터넷,KT유선상품자동납부,-36300,KRW,KT DC Plus KB국민카드,
2026-03-10,19:04,지출,의료/건강,약국,부개하늘약국,-1000,KRW,Air One (에어원) 스카이패스,
2026-03-10,18:27,지출,금융,이자/대출,한국장학재단,-59731,KRW,신한 주거래 우대통장(S-lite),
2026-03-10,16:38,지출,금융,은행,환전지갑신청(0996CCS263330436),-7352300,KRW,저축예금,
2026-03-10,14:31,지출,금융,카드,NICE결제대행,-2000,KRW,Air One (에어원) 스카이패스,
2026-03-10,07:05,지출,금융,은행,환전지갑신청(0996CCS263327980),-7347800,KRW,저축예금,
2026-03-10,07:01,지출,온라인쇼핑,인터넷쇼핑,인천가스2603,-253610,KRW,신한 주거래 우대통장(S-lite),
2026-03-10,06:01,이체,현금,미분류,THIDA TUN,-1500000,KRW,저축예금,
2026-03-09,18:25,지출,생활,생필품,문구다,-9000,KRW,Air One (에어원) 스카이패스,
2026-03-09,18:25,지출,금융,이자/대출,한국장학재단,-59310,KRW,신한 주거래 우대통장(S-lite),
2026-03-09,18:25,지출,금융,이자/대출,한국장학재단,-68717,KRW,신한 주거래 우대통장(S-lite),
2026-03-09,17:20,지출,금융,은행,송금 내역,-100000,KRW,카카오페이 머니,
2026-03-09,17:09,지출,온라인쇼핑,인터넷쇼핑,주식회사 카카오,-4700,KRW,카카오페이 간편결제,
2026-03-09,11:45,이체,저축,미분류,THIDA TUN,3000000,KRW,신한 주거래 우대통장(S-lite),
2026-03-09,11:43,이체,저축,미분류,THIDA TUN,9000000,KRW,신한 주거래 우대통장(S-lite),
2026-03-09,11:43,이체,저축,미분류,THIDA TUN,9000000,KRW,신한 주거래 우대통장(S-lite),
2026-03-09,11:41,이체,저축,미분류,THIDA TUN,9000000,KRW,신한 주거래 우대통장(S-lite),
2026-03-09,11:40,이체,저축,미분류,THIDA TUN,7300000,KRW,신한 주거래 우대통장(S-lite),
2026-03-09,08:28,지출,주거/통신,휴대폰,LG  U+통신요금  자동이체,-26900,KRW,Air One (에어원) 스카이패스,
2026-03-08,14:24,지출,카페/간식,베이커리,가온당,-21600,KRW,Air One (에어원) 스카이패스,
2026-03-08,12:10,수입,용돈,미분류,(251207~260307),0,KRW,저축예금,
2026-03-07,18:49,지출,온라인쇼핑,홈쇼핑,주식회사 코리아성지,-42620,KRW,Air One (에어원) 스카이패스,
2026-03-07,17:36,지출,생활,생활서비스,선진정밀,-10000,KRW,Air One (에어원) 스카이패스,
2026-03-07,17:33,지출,생활,생활서비스,선진정밀,-5000,KRW,Air One (에어원) 스카이패스,
2026-03-07,01:36,지출,금융,이자/대출,한도대출이자,-267484,KRW,저축예금,
2026-03-06,11:17,지출,온라인쇼핑,인터넷쇼핑,주식회사 카카오,-4700,KRW,카카오페이 간편결제,
2026-03-04,18:46,지출,생활,생필품,문구다,-9000,KRW,Air One (에어원) 스카이패스,
2026-03-04,17:54,지출,뷰티/미용,헤어샵,하르르,-9000,KRW,Air One (에어원) 스카이패스,
2026-03-04,08:22,지출,생활,편의점,지에스(GS)25 부개북부역,-3000,KRW,Air One (에어원) 스카이패스,
2026-03-04,07:56,지출,뷰티/미용,헤어샵,하르르헤어,-9000,KRW,네이버페이 간편결제,
2026-03-04,06:49,이체,저축,미분류,카카오(c),1530,KRW,신한 주거래 우대통장(S-lite),
2026-03-03,08:47,이체,현금,미분류,004.송영애,-800000,KRW,신한 주거래 우대통장(S-lite),
2026-03-02,11:57,지출,온라인쇼핑,홈쇼핑,주식회사 코리아성지,-19310,KRW,Air One (에어원) 스카이패스,
2026-03-01,18:28,지출,온라인쇼핑,인터넷쇼핑,FACEBOOK ADVERTISING (KOR,-22513,KRW,Air One (에어원) 스카이패스,
2026-03-01,15:31,지출,온라인쇼핑,인터넷쇼핑,FACEBOOK ADVERTISING (KOR,-67013,KRW,Air One (에어원) 스카이패스,
2026-03-01,08:23,이체,현금,미분류,THIDA TUN,-107000,KRW,신한 주거래 우대통장(S-lite),
2026-03-01,05:06,지출,주거/통신,휴대폰,자동결제2_다날1,-3483,KRW,Air One (에어원) 스카이패스,
2026-03-01,02:52,지출,온라인쇼핑,인터넷쇼핑,주식회사 카카오,-49900,KRW,카카오페이 간편결제,
2026-02-28,21:39,지출,온라인쇼핑,인터넷쇼핑,FACEBOOK ADVERTISING (KOR,-66917,KRW,Air One (에어원) 스카이패스,
2026-02-28,08:11,지출,온라인쇼핑,인터넷쇼핑,주식회사 카카오,-17700,KRW,카카오페이 간편결제,
2026-02-28,04:23,수입,금융수입,미분류,이자,2,KRW,MY 입출금통장,
2026-02-28,02:23,이체,현금,미분류,THIDA TUN,-67832,KRW,NH주거래우대통장,
2026-02-28,00:00,지출,교통,대중교통,02월서울버스1건,-1500,KRW,Air One (에어원) 스카이패스,
2026-02-28,00:00,지출,교통,대중교통,02월지하철2건,-3900,KRW,Air One (에어원) 스카이패스,
2026-02-27,21:44,지출,온라인쇼핑,인터넷쇼핑,FACEBOOK ADVERTISING (KOR,-22120,KRW,Air One (에어원) 스카이패스,
2026-02-27,21:40,지출,온라인쇼핑,인터넷쇼핑,FACEBOOK ADVERTISING (KOR,-22120,KRW,Air One (에어원) 스카이패스,
2026-02-27,21:35,지출,온라인쇼핑,인터넷쇼핑,FACEBOOK ADVERTISING (KOR,-14756,KRW,Air One (에어원) 스카이패스,
2026-02-27,21:30,지출,온라인쇼핑,인터넷쇼핑,FACEBOOK ADVERTISING (KOR,-8426,KRW,Air One (에어원) 스카이패스,
2026-02-27,16:40,이체,이체,미분류,권오화,25000,KRW,NH주거래우대통장,
2026-02-27,06:00,지출,여행/숙박,항공권,311234455656,-48988,KRW,신한 주거래 우대통장(S-lite),
2026-02-26,18:52,지출,온라인쇼핑,홈쇼핑,주식회사 코리아성지,-70760,KRW,Air One (에어원) 스카이패스,
2026-02-26,18:27,이체,카드대금,미분류,KB카드출금,-257830,KRW,신한 주거래 우대통장(S-lite),
2026-02-26,18:01,이체,카드대금,미분류,신한카드,-3748079,KRW,신한 주거래 우대통장(S-lite),
2026-02-26,15:24,이체,현금,미분류,현대자동차,20000,KRW,신한 주거래 우대통장(S-lite),
2026-02-26,07:23,지출,온라인쇼핑,인터넷쇼핑,FACEBOOK ADVERTISING (KOR,0,KRW,Air One (에어원) 스카이패스,
2026-02-26,06:08,지출,자동차,통행료,서울터널,-5400,KRW,HYUNDAI BLUE members Family M2 Edition2(현대자동차_하이패스),
2026-02-26,06:02,지출,금융,증권/투자,311243546349,-73720,KRW,신한 주거래 우대통장(S-lite),
2026-02-26,04:35,지출,여행/숙박,해외결제,외화사신금액,-7158500,KRW,신한 주거래 우대통장(S-lite),
2026-02-25,19:32,지출,의료/건강,약국,부개하늘약국,-16000,KRW,Air One (에어원) 스카이패스,
2026-02-25,19:20,지출,금융,보험,NH손보104회,-43470,KRW,신한 주거래 우대통장(S-lite),
2026-02-25,18:50,지출,금융,카드,현대카드(주),-1483051,KRW,신한 주거래 우대통장(S-lite),
2026-02-25,18:50,지출,금융,카드,현대카드(주),-1800,KRW,신한 주거래 우대통장(S-lite),
2026-02-25,18:36,지출,금융,이자/대출,한국장학재단,-58972,KRW,신한 주거래 우대통장(S-lite),
2026-02-25,18:17,지출,여행/숙박,해외결제,외화사신금액,-7182000,KRW,신한 주거래 우대통장(S-lite),
2026-02-25,18:16,이체,저축,미분류,THIDA TUN,14500000,KRW,신한 주거래 우대통장(S-lite),
2026-02-25,15:21,이체,현금,미분류,현대자동차,4000000,KRW,신한 주거래 우대통장(S-lite),
2026-02-25,03:58,수입,급여,미분류,급여,10230222,KRW,신한 주거래 우대통장(S-lite),
2026-02-25,02:42,지출,온라인쇼핑,서비스구독,Netflix.com,-17000,KRW,Air One (에어원) 스카이패스,
2026-02-24,19:26,지출,자동차,주차,나이스파크,-13500,KRW,Air One (에어원) 스카이패스,
2026-02-24,18:39,이체,이체,미분류,이용순,50000,KRW,신한 주거래 우대통장(S-lite),
2026-02-24,18:26,지출,식비,한식,씨제이 푸드빌(주) 제일제면소 서울역사점,-73000,KRW,Air One (에어원) 스카이패스,
2026-02-24,15:26,지출,주거/통신,관리비,KB아파트관리비,-256930,KRW,KT DC Plus KB국민카드,
2026-02-23,18:43,지출,온라인쇼핑,서비스구독,유튜브프리미엄,-14900,KRW,Air One (에어원) 스카이패스,
2026-02-23,18:04,지출,의료/건강,약국,부개하늘약국,-1000,KRW,Air One (에어원) 스카이패스,
2026-02-23,09:12,지출,금융,은행,환전지갑신청(0996CCS262281797),-14420100,KRW,저축예금,
2026-02-23,09:10,이체,저축,미분류,THIDA TUN,120000,KRW,신한 주거래 우대통장(S-lite),
2026-02-23,09:09,이체,저축,미분류,THIDA TUN,8960000,KRW,신한 주거래 우대통장(S-lite),
2026-02-21,11:57,지출,온라인쇼핑,홈쇼핑,주식회사 코리아성지,-30410,KRW,Air One (에어원) 스카이패스,
2026-02-21,10:53,지출,온라인쇼핑,인터넷쇼핑,당근페이,-500000,KRW,Air One (에어원) 스카이패스,
2026-02-21,10:05,이체,저축,미분류,예금결산이자,4,KRW,우리 SUPER주거래 통장,
2026-02-20,09:10,지출,문화/여가,공연,겨울이야기(도봉),-50071,KRW,네이버페이 간편결제(포인트),
2026-02-20,09:10,지출,문화/여가,공연,겨울이야기(도봉),-29129,KRW,네이버페이 간편결제,
2026-02-20,07:10,지출,금융,보험,KB손019 02,-13000,KRW,신한 주거래 우대통장(S-lite),
2026-02-19,18:28,지출,금융,이자/대출,한국장학재단,-58510,KRW,신한 주거래 우대통장(S-lite),
2026-02-19,10:52,이체,이체,미분류,신준호,-1000000,KRW,신한 주거래 우대통장(S-lite),
2026-02-19,10:49,지출,금융,증권/투자,0042497VG5011,-1000000,KRW,신한 주거래 우대통장(S-lite),
2026-02-19,10:48,지출,금융,증권/투자,0042497VG5009,-1000000,KRW,신한 주거래 우대통장(S-lite),
2026-02-19,10:35,이체,미분류,미분류,출금 내역,-1000000,KRW,신한 주거래 우대통장(S-lite),
2026-02-19,10:33,이체,미분류,미분류,출금 내역,-1000000,KRW,신한 주거래 우대통장(S-lite),
2026-02-19,10:32,이체,미분류,미분류,출금 내역,-1000000,KRW,신한 주거래 우대통장(S-lite),
2026-02-19,10:31,이체,미분류,미분류,입금 내역,370000,KRW,신한 주거래 우대통장(S-lite),
2026-02-19,10:29,이체,미분류,미분류,입금 내역,1000000,KRW,신한 주거래 우대통장(S-lite),
2026-02-19,10:27,이체,미분류,미분류,입금 내역,1000000,KRW,신한 주거래 우대통장(S-lite),
2026-02-19,10:25,이체,미분류,미분류,입금 내역,970000,KRW,신한 주거래 우대통장(S-lite),
2026-02-19,10:23,이체,미분류,미분류,입금 내역,970000,KRW,신한 주거래 우대통장(S-lite),
2026-02-19,10:21,이체,미분류,미분류,입금 내역,980000,KRW,신한 주거래 우대통장(S-lite),
2026-02-19,10:11,이체,현금,미분류,현금입금,1000000,KRW,신한 주거래 우대통장(S-lite),
2026-02-19,07:05,지출,주거/통신,인터넷,LGU+84273357,-11100,KRW,신한 주거래 우대통장(S-lite),
2026-02-19,07:03,지출,주거/통신,인터넷,LGU+77651357,-33900,KRW,신한 주거래 우대통장(S-lite),
2026-02-18,20:03,지출,온라인쇼핑,홈쇼핑,주식회사 코리아성지,-5900,KRW,Air One (에어원) 스카이패스,
2026-02-17,17:43,이체,현금,미분류,THIDA TUN,-38900,KRW,신한 주거래 우대통장(S-lite),
2026-02-17,00:00,지출,교통,대중교통,모바일_삼성페이_후불지하철,-1850,KRW,Air One (에어원) 스카이패스,
2026-02-16,14:35,지출,온라인쇼핑,홈쇼핑,주식회사 코리아성지,-3890,KRW,Air One (에어원) 스카이패스,
2026-02-16,00:16,이체,이체,미분류,이용순,-1200000,KRW,신한 주거래 우대통장(S-lite),
2026-02-15,19:40,지출,온라인쇼핑,홈쇼핑,주식회사 코리아성지,-3450,KRW,Air One (에어원) 스카이패스,
2026-02-14,18:55,이체,이체,미분류,이용순,100000,KRW,신한 주거래 우대통장(S-lite),
2026-02-13,18:11,이체,저축,미분류,THIDA TUN,3000000,KRW,신한 주거래 우대통장(S-lite),
2026-02-13,13:38,수입,기타수입,미분류,토스677,1,KRW,토스뱅크 통장,
2026-02-13,11:37,지출,식비,일식,사루쇼텐,-43000,KRW,Air One (에어원) 스카이패스,
2026-02-13,10:13,지출,온라인쇼핑,인터넷쇼핑,주식회사 카카오,-11600,KRW,카카오페이 간편결제,
2026-02-13,07:04,지출,온라인쇼핑,인터넷쇼핑,주식회사 카카오,29000,KRW,카카오페이 간편결제,
2026-02-13,06:16,지출,온라인쇼핑,인터넷쇼핑,주식회사 카카오,-29000,KRW,카카오페이 간편결제,
2026-02-13,05:21,이체,이체,미분류,*****,1,KRW,신한 주거래 우대통장(S-lite),
2026-02-13,04:10,수입,급여,미분류,급여,1090100,KRW,신한 주거래 우대통장(S-lite),
2026-02-13,00:00,지출,교통,대중교통,모바일_삼성페이_후불지하철,-1850,KRW,Air One (에어원) 스카이패스,
2026-02-11,20:43,지출,금융,은행,환전지갑신청(0996CCS262251776),-14529300,KRW,저축예금,
2026-02-11,17:38,지출,온라인쇼핑,홈쇼핑,주식회사 코리아성지,-25370,KRW,Air One (에어원) 스카이패스,
2026-02-11,16:44,지출,카페/간식,커피/음료,커피사피엔스 인천 부평점,-6800,KRW,Air One (에어원) 스카이패스,
2026-02-11,16:35,지출,식비,식재료,과일야채,-5000,KRW,Air One (에어원) 스카이패스,
2026-02-11,09:00,지출,주거/통신,인터넷,KT유선상품자동납부,-36300,KRW,KT DC Plus KB국민카드,
2026-02-10,18:28,지출,금융,이자/대출,한국장학재단,-60447,KRW,신한 주거래 우대통장(S-lite),
2026-02-10,12:16,지출,온라인쇼핑,서비스구독,주식회사 비지에프네트웍스,-4600,KRW,Air One (에어원) 스카이패스,
2026-02-10,11:39,지출,온라인쇼핑,홈쇼핑,주식회사 코리아성지,-21930,KRW,Air One (에어원) 스카이패스,
2026-02-10,11:32,지출,식비,한식,할매순대국,-9000,KRW,Air One (에어원) 스카이패스,
2026-02-10,07:01,지출,온라인쇼핑,인터넷쇼핑,인천가스2602,-203170,KRW,신한 주거래 우대통장(S-lite),
2026-02-09,18:25,지출,금융,이자/대출,한국장학재단,-69343,KRW,신한 주거래 우대통장(S-lite),
2026-02-09,18:25,지출,금융,이자/대출,한국장학재단,-59981,KRW,신한 주거래 우대통장(S-lite),
2026-02-09,08:28,지출,주거/통신,휴대폰,LG  U+통신요금  자동이체,-26900,KRW,Air One (에어원) 스카이패스,
2026-02-09,00:00,지출,교통,시외버스,전국고속버스운송사업조합,45400,KRW,Air One (에어원) 스카이패스,
2026-02-09,00:00,지출,교통,시외버스,전국고속버스운송사업조합,45400,KRW,Air One (에어원) 스카이패스,
2026-02-08,14:56,지출,온라인쇼핑,홈쇼핑,주식회사 코리아성지,-39920,KRW,Air One (에어원) 스카이패스,
2026-02-07,16:23,지출,교통,대중교통,티머니GO,45400,KRW,네이버페이 간편결제,
2026-02-07,16:22,지출,교통,대중교통,티머니GO,45400,KRW,네이버페이 간편결제,
2026-02-07,01:39,지출,금융,이자/대출,한도대출이자,-269420,KRW,저축예금,
2026-02-06,17:57,지출,온라인쇼핑,홈쇼핑,주식회사 코리아성지,-16980,KRW,Air One (에어원) 스카이패스,
2026-02-06,10:50,지출,의료/건강,약국,부개하늘약국,-3000,KRW,Air One (에어원) 스카이패스,
2026-02-05,19:09,지출,식비,중식,차이나는 중식당,-13000,KRW,Air One (에어원) 스카이패스,
2026-02-05,17:19,지출,생활,생필품,주식회사 아성다이소,-7000,KRW,Air One (에어원) 스카이패스,
2026-02-04,11:29,이체,저축,미분류,THIDA TUN,6000000,KRW,신한 주거래 우대통장(S-lite),
2026-02-04,11:25,지출,뷰티/미용,헤어샵,0713929775813,-1000000,KRW,신한 주거래 우대통장(S-lite),
2026-02-04,11:24,지출,금융,증권/투자,0713929775811,-1000000,KRW,신한 주거래 우대통장(S-lite),
2026-02-04,11:23,지출,금융,증권/투자,0713929775809,-1000000,KRW,신한 주거래 우대통장(S-lite),
2026-02-04,11:22,지출,금융,증권/투자,0713929775807,-1000000,KRW,신한 주거래 우대통장(S-lite),
2026-02-04,11:21,지출,금융,증권/투자,0713929775805,-1000000,KRW,신한 주거래 우대통장(S-lite),
2026-02-04,11:20,지출,금융,증권/투자,0713929775803,-1000000,KRW,신한 주거래 우대통장(S-lite),
2026-02-04,09:57,지출,생활,생필품,빵꾸똥꾸문구야 인천부개점,-2000,KRW,Air One (에어원) 스카이패스,
2026-02-04,09:18,이체,저축,미분류,THIDA TUN,2000000,KRW,신한 주거래 우대통장(S-lite),
2026-02-04,09:18,이체,저축,미분류,THIDA TUN,9000000,KRW,신한 주거래 우대통장(S-lite),
2026-02-04,09:17,이체,저축,미분류,THIDA TUN,9000000,KRW,신한 주거래 우대통장(S-lite),
2026-02-03,20:08,지출,온라인쇼핑,인터넷쇼핑,나이스_당근페이,-500000,KRW,Air One (에어원) 스카이패스,
2026-02-03,07:52,지출,온라인쇼핑,앱스토어,CURSOR,-296062,KRW,Air One (에어원) 스카이패스,
2026-02-02,12:15,지출,자동차,미분류,공공서비스,-3300,KRW,Air One (에어원) 스카이패스,
2026-02-02,11:06,지출,금융,은행,환전지갑신청(0996CCS262218822),-7300250,KRW,저축예금,
2026-02-02,09:26,지출,온라인쇼핑,인터넷쇼핑,주식회사 카카오,-11600,KRW,카카오페이 간편결제,
2026-02-02,07:17,지출,금융,은행,환전지갑신청(0996CCS262217909),-7272700,KRW,저축예금,
2026-02-02,04:43,지출,자동차,통행료,한국도로공사,-1800,KRW,HYUNDAI BLUE members Family M2 Edition2(현대자동차_하이패스),
2026-02-02,00:00,지출,교통,대중교통,모바일_삼성페이_후불지하철,-1850,KRW,Air One (에어원) 스카이패스,
2026-02-01,16:43,지출,여행/숙박,해외결제,외화사신금액,-7277700,KRW,저축예금,
2026-02-01,13:20,지출,온라인쇼핑,홈쇼핑,주식회사 코리아성지,-29920,KRW,Air One (에어원) 스카이패스,
2026-02-01,05:06,지출,주거/통신,휴대폰,자동결제2_다날1,-2166,KRW,Air One (에어원) 스카이패스,
2026-01-31,15:32,지출,생활,마트,롯데쇼핑(주)롯데마트맥스 금천점,-13500,KRW,Air One (에어원) 스카이패스,
2026-01-31,12:59,이체,이체,미분류,이용숙,300000,KRW,신한 주거래 우대통장(S-lite),
2026-01-31,08:47,지출,금융,카드,신한카드_충전,-20000,KRW,신한 주거래 우대통장(S-lite),
2026-01-30,18:09,지출,온라인쇼핑,홈쇼핑,주식회사 코리아성지,-23140,KRW,Air One (에어원) 스카이패스,
2026-01-30,08:41,이체,현금,미분류,004.송영애,-800000,KRW,신한 주거래 우대통장(S-lite),
2026-01-29,21:24,지출,온라인쇼핑,홈쇼핑,주식회사 코리아성지,-3800,KRW,Air One (에어원) 스카이패스,
2026-01-29,14:07,지출,카페/간식,커피/음료,커피볶는 시골커피 서울용산점,-10000,KRW,Air One (에어원) 스카이패스,
2026-01-29,00:00,지출,교통,대중교통,모바일_삼성페이_후불지하철,-1540,KRW,Air One (에어원) 스카이패스,
2026-01-28,11:53,지출,생활,생필품,주식회사 아성다이소,-23000,KRW,Air One (에어원) 스카이패스,
2026-01-27,19:06,지출,교통,대중교통,티머니GO,-49000,KRW,네이버페이 간편결제,
2026-01-27,19:06,지출,교통,대중교통,티머니GO,-49000,KRW,네이버페이 간편결제,
2026-01-27,15:17,지출,주거/통신,관리비,KB아파트관리비,-221530,KRW,KT DC Plus KB국민카드,
2026-01-27,14:29,지출,금융,증권/투자,358부9614도공,-4300,KRW,신한 주거래 우대통장(S-lite),
2026-01-27,14:02,지출,생활,편의점,씨유(CU)상동해피점,-5300,KRW,Air One (에어원) 스카이패스,
2026-01-27,11:58,지출,자동차,미분류,공공서비스,-1500,KRW,Air One (에어원) 스카이패스,
2026-01-27,10:37,지출,생활,생필품,주식회사 아성다이소,-2000,KRW,Air One (에어원) 스카이패스,
2026-01-27,10:24,이체,미분류,미분류,출금 내역,-1000000,KRW,신한 주거래 우대통장(S-lite),
2026-01-27,10:23,이체,미분류,미분류,출금 내역,-1000000,KRW,신한 주거래 우대통장(S-lite),
2026-01-27,10:22,이체,미분류,미분류,출금 내역,-1000000,KRW,신한 주거래 우대통장(S-lite),
2026-01-27,10:21,이체,미분류,미분류,출금 내역,-1000000,KRW,신한 주거래 우대통장(S-lite),
2026-01-27,10:20,이체,미분류,미분류,출금 내역,-1000000,KRW,신한 주거래 우대통장(S-lite),
2026-01-27,10:18,이체,미분류,미분류,출금 내역,-1000000,KRW,신한 주거래 우대통장(S-lite),
2026-01-27,06:06,지출,여행/숙박,항공권,311234455656,-48988,KRW,신한 주거래 우대통장(S-lite),
2026-01-26,22:24,이체,저축,미분류,THIDA TUN,6000000,KRW,신한 주거래 우대통장(S-lite),
2026-01-26,20:26,지출,온라인쇼핑,홈쇼핑,주식회사 코리아성지,-17300,KRW,Air One (에어원) 스카이패스,
2026-01-26,19:11,지출,금융,보험,NH손보103회,-43470,KRW,신한 주거래 우대통장(S-lite),
2026-01-26,18:51,지출,금융,카드,현대카드(주),-1483051,KRW,신한 주거래 우대통장(S-lite),
2026-01-26,18:51,지출,금융,카드,현대카드(주),-13100,KRW,신한 주거래 우대통장(S-lite),
2026-01-26,18:48,이체,카드대금,미분류,KB카드출금,-255610,KRW,신한 주거래 우대통장(S-lite),
2026-01-26,18:35,지출,금융,이자/대출,한국장학재단,-59050,KRW,신한 주거래 우대통장(S-lite),
2026-01-26,18:01,이체,카드대금,미분류,신한카드,-2925520,KRW,신한 주거래 우대통장(S-lite),
2026-01-26,11:20,지출,생활,편의점,GS25 송도AT센터점,-9750,KRW,Air One (에어원) 스카이패스,
2026-01-26,06:12,지출,금융,증권/투자,311243546349,-73720,KRW,신한 주거래 우대통장(S-lite),
2026-01-26,00:00,지출,교통,대중교통,모바일_삼성페이_후불지하철,-1850,KRW,Air One (에어원) 스카이패스,
2026-01-25,12:17,지출,뷰티/미용,헤어샵,하르르,-9000,KRW,Air One (에어원) 스카이패스,
2026-01-25,11:35,지출,카페/간식,커피/음료,(주)에스씨케이 컴퍼니,-30000,KRW,Air One (에어원) 스카이패스,
2026-01-25,11:10,지출,온라인쇼핑,홈쇼핑,주식회사 코리아성지,-24120,KRW,Air One (에어원) 스카이패스,
2026-01-25,02:31,지출,온라인쇼핑,서비스구독,Netflix.com,-17000,KRW,Air One (에어원) 스카이패스,
2026-01-24,19:38,지출,생활,편의점,씨유(CU)상동해피점,-6040,KRW,Air One (에어원) 스카이패스,
2026-01-24,12:44,지출,자동차,주차,스마트로-세외수입(비인증),-850,KRW,Air One (에어원) 스카이패스,
2026-01-24,12:32,지출,식비,한식,우럼마왕만두,-6000,KRW,Air One (에어원) 스카이패스,
2026-01-24,12:28,지출,의료/건강,약국,메디팜하나로약국,-2500,KRW,Air One (에어원) 스카이패스,
2026-01-24,12:24,지출,의료/건강,소아과,이현주소아청소년과의원,-5800,KRW,Air One (에어원) 스카이패스,
2026-01-24,04:43,수입,금융수입,미분류,이자,1,KRW,MY 입출금통장,
2026-01-23,18:43,지출,온라인쇼핑,서비스구독,유튜브프리미엄,-14900,KRW,Air One (에어원) 스카이패스,
2026-01-23,17:09,지출,생활,편의점,씨유(CU)상동해피점,-5000,KRW,Air One (에어원) 스카이패스,
2026-01-23,12:25,지출,의료/건강,운동,서울건강,-180000,KRW,Air One (에어원) 스카이패스,
2026-01-23,06:42,지출,생활,편의점,씨유(CU)상동해피점,-1000,KRW,Air One (에어원) 스카이패스,
2026-01-23,03:54,수입,급여,미분류,급여,6258742,KRW,신한 주거래 우대통장(S-lite),
2026-01-22,12:37,지출,식비,식재료,씨제이프레시웨이주식회사,-8600,KRW,Air One (에어원) 스카이패스,
2026-01-22,11:53,지출,문화/여가,취미/체험,소풍,-26700,KRW,Air One (에어원) 스카이패스,
2026-01-22,10:31,이체,저축,미분류,THIDA TUN,5800000,KRW,신한 주거래 우대통장(S-lite),
2026-01-22,10:30,이체,저축,미분류,THIDA TUN,9000000,KRW,신한 주거래 우대통장(S-lite),
2026-01-22,09:57,이체,이체,미분류,*****,1,KRW,신한 주거래 우대통장(S-lite),
2026-01-22,09:25,지출,여행/숙박,해외결제,외화사신금액,-7340300,KRW,저축예금,
2026-01-22,00:00,지출,교통,대중교통,모바일_삼성페이_후불지하철,-3390,KRW,Air One (에어원) 스카이패스,
2026-01-21,16:37,지출,식비,식재료,씨제이프레시웨이주식회사,-5000,KRW,Air One (에어원) 스카이패스,
2026-01-21,11:53,지출,금융,은행,환전지갑신청(0996CCS261170037),-7373850,KRW,저축예금,
2026-01-21,11:17,지출,금융,은행,환전지갑신청(0996CCS261169768),-7372350,KRW,저축예금,
2026-01-21,10:44,지출,여행/숙박,해외결제,외화사신금액,-7362850,KRW,저축예금,
2026-01-21,00:00,지출,교통,대중교통,모바일_삼성페이_후불유통,-300,KRW,Air One (에어원) 스카이패스,
2026-01-21,00:00,지출,교통,대중교통,모바일_삼성페이_후불지하철,-1540,KRW,Air One (에어원) 스카이패스,
2026-01-20,16:44,지출,온라인쇼핑,인터넷쇼핑,(주)케이지이니시스,-178960,KRW,카카오페이 간편결제,
2026-01-20,16:12,지출,뷰티/미용,헤어샵,하르르헤어,-1900,KRW,네이버페이 간편결제(포인트),
2026-01-20,16:12,지출,뷰티/미용,헤어샵,하르르헤어,-7100,KRW,네이버페이 간편결제,
2026-01-20,12:15,지출,식비,중식,팔보,-116000,KRW,Air One (에어원) 스카이패스,
2026-01-20,07:10,지출,금융,보험,KB손018 01,-13000,KRW,신한 주거래 우대통장(S-lite),
2026-01-20,00:00,지출,교통,대중교통,모바일_삼성페이_후불지하철,-4940,KRW,Air One (에어원) 스카이패스,
2026-01-19,18:29,지출,식비,치킨,빠빼루뽀빼루,-49500,KRW,Air One (에어원) 스카이패스,
2026-01-19,15:06,지출,식비,식재료,씨제이프레시웨이주식회사,-11500,KRW,Air One (에어원) 스카이패스,
2026-01-19,00:00,지출,교통,대중교통,모바일_삼성페이_후불유통,-300,KRW,Air One (에어원) 스카이패스,
2026-01-19,00:00,지출,교통,대중교통,모바일_삼성페이_후불지하철,-3390,KRW,Air One (에어원) 스카이패스,
2026-01-17,18:42,이체,저축,미분류,THIDA TUN,5000000,KRW,신한 주거래 우대통장(S-lite),
2026-01-17,18:41,이체,저축,미분류,THIDA TUN,9000000,KRW,신한 주거래 우대통장(S-lite),
2026-01-17,18:40,이체,저축,미분류,THIDA TUN,5800000,KRW,신한 주거래 우대통장(S-lite),
2026-01-17,17:18,지출,온라인쇼핑,인터넷쇼핑,당근페이,-500000,KRW,Air One (에어원) 스카이패스,
2026-01-17,15:51,지출,온라인쇼핑,인터넷쇼핑,주식회사 카카오,-11600,KRW,카카오페이 간편결제,
2026-01-17,15:21,지출,패션/쇼핑,패션,비스타블루,-21000,KRW,Air One (에어원) 스카이패스,
2026-01-17,14:45,지출,패션/쇼핑,아울렛/몰,현대아울렛 송도점,-464000,KRW,Air One (에어원) 스카이패스,
2026-01-17,11:43,지출,교통,대중교통,인천교통공사,-600,KRW,Air One (에어원) 스카이패스,
2026-01-17,09:00,이체,저축,미분류,예금결산이자,4,KRW,우리 SUPER주거래 통장,
2026-01-17,00:00,지출,자동차,통행료,만월산터널,-800,KRW,Air One (에어원) 스카이패스,
2026-01-17,00:00,지출,교통,철도,고속철도(KTX)대전-서대전,23400,KRW,Air One (에어원) 스카이패스,
2026-01-17,00:00,지출,교통,철도,고속철도(KTX)대전-서대전,23700,KRW,Air One (에어원) 스카이패스,
2026-01-16,19:54,지출,교통,철도,한국철도공사,23400,KRW,카카오페이 간편결제,
2026-01-16,19:53,지출,교통,철도,한국철도공사,23400,KRW,네이버페이 간편결제,
2026-01-16,19:51,지출,교통,대중교통,티머니GO,-24500,KRW,네이버페이 간편결제,
2026-01-16,19:47,지출,교통,대중교통,티머니GO,-24500,KRW,네이버페이 간편결제,
2026-01-16,06:07,지출,교통,철도,한국철도공사,23700,KRW,네이버페이 간편결제,
2026-01-16,06:01,지출,교통,철도,한국철도공사,-23400,KRW,카카오페이 간편결제,
2026-01-16,06:01,이체,이체,미분류,카카오페이,-23400,KRW,신한 주거래 우대통장(S-lite),
2026-01-15,21:45,지출,온라인쇼핑,홈쇼핑,주식회사 코리아성지,-52410,KRW,Air One (에어원) 스카이패스,
2026-01-15,20:56,지출,금융,은행,환전지갑신청(0996CCS261151940),-14703600,KRW,저축예금,
2026-01-15,19:23,지출,교통,철도,한국철도공사,-47100,KRW,네이버페이 간편결제,
2026-01-15,19:21,지출,교통,철도,한국철도공사,-47100,KRW,Air One (에어원) 스카이패스,
2026-01-15,17:32,이체,저축,미분류,THIDA TUN,4900000,KRW,신한 주거래 우대통장(S-lite),
2026-01-15,17:31,이체,저축,미분류,THIDA TUN,9000000,KRW,신한 주거래 우대통장(S-lite),
2026-01-15,12:21,지출,식비,한식,(주)에스와이에스홀딩스-이남장,-20000,KRW,Air One (에어원) 스카이패스,
2026-01-15,10:26,이체,저축,미분류,THIDA TUN,9000000,KRW,신한 주거래 우대통장(S-lite),
2026-01-15,10:25,이체,저축,미분류,THIDA TUN,9000000,KRW,신한 주거래 우대통장(S-lite),
2026-01-15,07:04,지출,주거/통신,인터넷,LGU+77651357,-33900,KRW,신한 주거래 우대통장(S-lite),
2026-01-15,07:02,지출,주거/통신,인터넷,LGU+84273357,-10300,KRW,신한 주거래 우대통장(S-lite),
2026-01-15,00:00,지출,교통,대중교통,모바일_삼성페이_후불지하철,-3400,KRW,Air One (에어원) 스카이패스,
2026-01-14,19:42,지출,생활,마트,홈플러스익스프레스  인천부개역점,-4580,KRW,Air One (에어원) 스카이패스,
2026-01-14,18:25,지출,금융,이자/대출,한국장학재단,-58510,KRW,신한 주거래 우대통장(S-lite),
2026-01-14,14:11,지출,식비,식재료,씨제이프레시웨이주식회사,-2000,KRW,Air One (에어원) 스카이패스,
2026-01-14,10:41,지출,자동차,통행료,한국도로공사,-4700,KRW,네이버페이 간편결제,
2026-01-14,00:00,지출,교통,대중교통,모바일_삼성페이_후불지하철,-3390,KRW,Air One (에어원) 스카이패스,
2026-01-13,19:44,지출,생활,마트,홈플러스익스프레스  인천부개역점,-2290,KRW,Air One (에어원) 스카이패스,
2026-01-13,09:57,지출,금융,세금/과태료,(사단법인)금융결제원,-619510,KRW,카카오페이 간편결제,
2026-01-13,09:57,지출,금융,세금/과태료,(사단법인)금융결제원,-138150,KRW,카카오페이 간편결제,
2026-01-13,00:00,지출,교통,대중교통,모바일_삼성페이_후불지하철,-3390,KRW,Air One (에어원) 스카이패스,
2026-01-12,18:28,지출,금융,이자/대출,한국장학재단,-60525,KRW,신한 주거래 우대통장(S-lite),
2026-01-12,12:08,지출,온라인쇼핑,인터넷쇼핑,주식회사 카카오,-32000,KRW,카카오페이 간편결제,
2026-01-12,08:58,지출,주거/통신,인터넷,KT유선상품자동납부,-36300,KRW,KT DC Plus KB국민카드,
2026-01-12,07:00,지출,온라인쇼핑,인터넷쇼핑,인천가스2601,-173520,KRW,신한 주거래 우대통장(S-lite),
2026-01-12,06:47,지출,온라인쇼핑,인터넷쇼핑,주식회사 카카오,-15600,KRW,카카오페이 간편결제,
2026-01-12,00:00,지출,교통,대중교통,모바일_삼성페이_후불유통,-300,KRW,Air One (에어원) 스카이패스,
2026-01-12,00:00,지출,교통,대중교통,모바일_삼성페이_후불지하철,-3700,KRW,Air One (에어원) 스카이패스,
2026-01-11,11:13,지출,온라인쇼핑,홈쇼핑,주식회사 코리아성지,-18490,KRW,Air One (에어원) 스카이패스,
2026-01-10,20:06,지출,식비,양식,송도 수블라키아,-143000,KRW,Air One (에어원) 스카이패스,
2026-01-09,18:23,지출,생활,마트,홈플러스익스프레스  인천부개역점,-12900,KRW,Air One (에어원) 스카이패스,
2026-01-09,16:06,이체,이체,미분류,이수진,42700,KRW,NH주거래우대통장,
2026-01-09,12:02,지출,카페/간식,커피/음료,이디야용산원효점,-12400,KRW,Air One (에어원) 스카이패스,
2026-01-09,07:35,지출,주거/통신,휴대폰,LG  U+통신요금  자동이체,-26350,KRW,Air One (에어원) 스카이패스,
2026-01-09,00:00,지출,교통,대중교통,모바일_삼성페이_후불지하철,-3400,KRW,Air One (에어원) 스카이패스,
2026-01-08,19:29,이체,이체,미분류,김매화,-5000,KRW,신한 주거래 우대통장(S-lite),
2026-01-08,18:25,지출,금융,이자/대출,한국장학재단,-60059,KRW,신한 주거래 우대통장(S-lite),
2026-01-08,18:25,지출,금융,이자/대출,한국장학재단,-69435,KRW,신한 주거래 우대통장(S-lite),
2026-01-08,16:55,이체,현금,미분류,THIDA TUN,-60000,KRW,신한 주거래 우대통장(S-lite),
2026-01-08,15:11,이체,현금,미분류,THIDA TUN,-5000000,KRW,저축예금,
2026-01-08,12:13,이체,이체,미분류,이용순,60000,KRW,신한 주거래 우대통장(S-lite),
2026-01-08,00:00,지출,교통,대중교통,모바일_삼성페이_후불지하철,-3700,KRW,Air One (에어원) 스카이패스,
2026-01-07,14:55,지출,온라인쇼핑,서비스구독,나이스정보통신 주식회사,-99000,KRW,카카오페이 간편결제,
2026-01-07,00:00,지출,교통,대중교통,모바일_삼성페이_후불지하철,-3390,KRW,Air One (에어원) 스카이패스,
2026-01-06,20:45,지출,생활,마트,홈플러스익스프레스  인천부개역점,-4790,KRW,Air One (에어원) 스카이패스,
2026-01-06,12:02,지출,문화/여가,도서,2층 라이브러리(2F Library),-7600,KRW,Air One (에어원) 스카이패스,
2026-01-06,00:00,지출,교통,대중교통,모바일_삼성페이_후불지하철,-3390,KRW,Air One (에어원) 스카이패스,
2026-01-05,17:57,지출,문화/여가,스포츠,용산 탑 복싱,-200000,KRW,Air One (에어원) 스카이패스,
2026-01-05,00:00,지출,교통,대중교통,모바일_삼성페이_후불지하철,-1540,KRW,Air One (에어원) 스카이패스,
2026-01-04,10:59,지출,온라인쇼핑,홈쇼핑,주식회사 코리아성지,-8700,KRW,Air One (에어원) 스카이패스,
2026-01-03,17:23,지출,식비,배달,(주)우아한형제들,-500,KRW,네이버페이 간편결제(포인트),
2026-01-03,17:15,지출,식비,배달,(주)우아한형제들,500,KRW,네이버페이 간편결제(포인트),
2026-01-03,17:12,지출,식비,배달,(주)우아한형제들,-500,KRW,네이버페이 간편결제(포인트),
2026-01-03,16:08,지출,자동차,미분류,공공서비스,-2200,KRW,Air One (에어원) 스카이패스,
2026-01-03,12:59,지출,생활,편의점,씨유 부평북부역점,-1700,KRW,Air One (에어원) 스카이패스,
2026-01-03,10:45,지출,의료/건강,약국,봄약국,-273000,KRW,Air One (에어원) 스카이패스,
2026-01-03,10:25,지출,의료/건강,내과/가정의학,서울아산가정의학과의원,-20000,KRW,Air One (에어원) 스카이패스,
2026-01-03,05:54,지출,자동차,통행료,한국도로공사,-2000,KRW,HYUNDAI BLUE members Family M2 Edition2(현대자동차_하이패스),
2026-01-03,05:54,지출,자동차,통행료,서부내륙고속도로,-3700,KRW,HYUNDAI BLUE members Family M2 Edition2(현대자동차_하이패스),
2026-01-03,05:54,지출,자동차,통행료,제이서해안고속도로,-2900,KRW,HYUNDAI BLUE members Family M2 Edition2(현대자동차_하이패스),
2026-01-03,01:39,지출,금융,이자/대출,한도대출이자,-176159,KRW,저축예금,
2026-01-03,00:00,지출,교통,대중교통,모바일_삼성페이_후불지하철,-3100,KRW,Air One (에어원) 스카이패스,
2026-01-01,17:30,이체,이체,미분류,이용순,-300000,KRW,신한 주거래 우대통장(S-lite),
2026-01-01,16:26,지출,식비,치킨,비에이치씨 공주유구점 (bhc 공주유구점),-22900,KRW,Air One (에어원) 스카이패스,
2026-01-01,16:20,지출,식비,피자,피자스쿨유구점,-30200,KRW,Air One (에어원) 스카이패스,
2026-01-01,12:40,지출,금융,증권/투자,0121476411378,-300000,KRW,신한 주거래 우대통장(S-lite),
2025-12-31,16:27,지출,온라인쇼핑,인터넷쇼핑,당근페이,-500000,KRW,Air One (에어원) 스카이패스,
2025-12-31,12:30,지출,주거/통신,관리비,(재)우체국시설관리단,-4000,KRW,KT DC Plus KB국민카드,
2025-12-31,03:24,수입,급여,미분류,급여,3605999,KRW,신한 주거래 우대통장(S-lite),
2025-12-31,00:00,지출,교통,대중교통,12월지하철1건,-1950,KRW,Air One (에어원) 스카이패스,
2025-12-30,08:41,이체,현금,미분류,004.송영애,-800000,KRW,신한 주거래 우대통장(S-lite),
2025-12-29,19:38,지출,생활,편의점,씨유 부평북부역점,-3200,KRW,Air One (에어원) 스카이패스,
2025-12-29,06:06,지출,여행/숙박,항공권,311234455656,-47408,KRW,신한 주거래 우대통장(S-lite),
2025-12-28,18:58,지출,여행/숙박,해외결제,외화사신금액,-7247650,KRW,저축예금,
2025-12-28,18:45,지출,주거/통신,관리비,환전지갑신청(0996CCS25D074698),-14475200,KRW,저축예금,
2025-12-28,16:34,이체,저축,미분류,THIDA TUN,2400000,KRW,신한 주거래 우대통장(S-lite),
2025-12-28,16:33,이체,저축,미분류,THIDA TUN,9000000,KRW,신한 주거래 우대통장(S-lite),
2025-12-28,16:32,이체,저축,미분류,THIDA TUN,9000000,KRW,신한 주거래 우대통장(S-lite),
2025-12-28,16:31,이체,저축,미분류,THIDA TUN,9000000,KRW,신한 주거래 우대통장(S-lite),
2025-12-28,12:28,이체,미분류,미분류,출금 내역,-20,KRW,NH주거래우대통장,
2025-12-28,12:28,이체,미분류,미분류,입금 내역,152,KRW,NH주거래우대통장,
2025-12-28,06:32,이체,현금,미분류,THIDA TUN,-11900,KRW,신한 주거래 우대통장(S-lite),
2025-12-27,23:12,지출,교통,철도,한국철도공사,5800,KRW,카카오페이 간편결제,
2025-12-27,03:23,수입,금융수입,미분류,이자,2,KRW,MY 입출금통장,
2025-12-26,19:17,지출,금융,보험,NH손보102회,-43470,KRW,신한 주거래 우대통장(S-lite),
2025-12-26,18:52,지출,금융,카드,현대카드(주),-1483051,KRW,신한 주거래 우대통장(S-lite),
2025-12-26,18:52,지출,금융,카드,현대카드(주),-11600,KRW,신한 주거래 우대통장(S-lite),
2025-12-26,18:48,이체,카드대금,미분류,KB카드출금,-36300,KRW,신한 주거래 우대통장(S-lite),
2025-12-26,18:35,지출,금융,이자/대출,한국장학재단,-58954,KRW,신한 주거래 우대통장(S-lite),
2025-12-26,18:02,이체,카드대금,미분류,신한카드,-2297635,KRW,신한 주거래 우대통장(S-lite),
2025-12-26,15:15,지출,생활,편의점,GS25 송도AT센터점,-7500,KRW,Air One (에어원) 스카이패스,
2025-12-26,14:27,지출,교통,철도,한국철도공사,5800,KRW,카카오페이 간편결제,
2025-12-26,14:27,지출,교통,철도,한국철도공사,23400,KRW,카카오페이 간편결제,
2025-12-26,14:24,지출,교통,철도,한국철도공사,-29200,KRW,카카오페이 간편결제,
2025-12-26,14:23,이체,이체,미분류,카카오페이,-29200,KRW,신한 주거래 우대통장(S-lite),
2025-12-26,11:12,지출,생활,생필품,주식회사 아성다이소,-1000,KRW,Air One (에어원) 스카이패스,
2025-12-26,06:05,지출,금융,증권/투자,311243546349,-71342,KRW,신한 주거래 우대통장(S-lite),
2025-12-25,19:54,이체,현금,미분류,THIDA TUN,-1112197,KRW,NH주거래우대통장,
2025-12-25,17:10,지출,교통,철도,한국철도공사,-29200,KRW,카카오페이 간편결제,
2025-12-25,17:08,이체,이체,미분류,카카오페이,-29200,KRW,신한 주거래 우대통장(S-lite),
2025-12-25,17:05,지출,교통,철도,한국철도공사,-29200,KRW,카카오페이 간편결제,
2025-12-25,17:05,이체,이체,미분류,카카오페이,-29199,KRW,신한 주거래 우대통장(S-lite),
2025-12-25,14:14,지출,온라인쇼핑,인터넷쇼핑,인터넷상거래,-4000,KRW,Air One (에어원) 스카이패스,
2025-12-25,09:09,지출,여행/숙박,해외결제,외화사신금액,-7247650,KRW,저축예금,
2025-12-25,02:04,지출,온라인쇼핑,서비스구독,Netflix.com,-17000,KRW,Air One (에어원) 스카이패스,
2025-12-24,17:25,이체,현금,미분류,THIDA TUN,-5000000,KRW,저축예금,
2025-12-24,16:44,지출,온라인쇼핑,인터넷쇼핑,윈넷(비)_스마트로,-2000,KRW,Air One (에어원) 스카이패스,
2025-12-24,15:20,지출,주거/통신,관리비,KB아파트관리비,-215310,KRW,KT DC Plus KB국민카드,
2025-12-24,13:21,지출,주거/통신,관리비,환전지갑신청(0996CCS25D050179),-7297700,KRW,저축예금,
2025-12-24,10:35,지출,생활,편의점,코레일유통주식회사(부개역),-10000,KRW,Air One (에어원) 스카이패스,
2025-12-24,09:53,지출,주거/통신,관리비,환전지갑신청(0996CCS25D045925),-7319250,KRW,저축예금,
2025-12-24,09:19,지출,여행/숙박,해외결제,외화사신금액,-7361850,KRW,저축예금,
2025-12-24,03:51,수입,급여,미분류,급여,3207842,KRW,신한 주거래 우대통장(S-lite),
2025-12-23,19:34,이체,저축,미분류,(주)대한항공,179000,KRW,신한 주거래 우대통장(S-lite),
2025-12-23,19:00,지출,카페/간식,도넛/핫도그,카페 앨리스,-4500,KRW,Air One (에어원) 스카이패스,
2025-12-23,18:43,지출,온라인쇼핑,서비스구독,유튜브프리미엄,-14900,KRW,Air One (에어원) 스카이패스,
2025-12-23,00:00,지출,여행/숙박,항공권,(주)대한항공(항공권),179000,KRW,국민내일배움 FANtastic S 체크,
2025-12-22,19:46,지출,뷰티/미용,헤어샵,하르르,-9000,KRW,Air One (에어원) 스카이패스,
2025-12-22,12:22,지출,식비,식재료,씨제이프레시웨이주식회사,-6100,KRW,Air One (에어원) 스카이패스,
2025-12-22,07:11,지출,금융,보험,KB손017 12,-13000,KRW,신한 주거래 우대통장(S-lite),
2025-12-22,05:05,지출,자동차,통행료,한국도로공사,-1800,KRW,HYUNDAI BLUE members Family M2 Edition2(현대자동차_하이패스),
2025-12-22,05:05,지출,자동차,통행료,서울터널,-2700,KRW,HYUNDAI BLUE members Family M2 Edition2(현대자동차_하이패스),
2025-12-21,13:45,이체,이체,미분류,나윤정,50000,KRW,신한 주거래 우대통장(S-lite),
2025-12-20,15:39,지출,온라인쇼핑,인터넷쇼핑,주식회사 카카오,-35700,KRW,카카오페이 간편결제,
2025-12-20,10:54,지출,자동차,주차,스마트로-세외수입(비인증),-450,KRW,Air One (에어원) 스카이패스,
2025-12-20,10:49,이체,저축,미분류,예금결산이자,5,KRW,우리 SUPER주거래 통장,
2025-12-20,10:39,지출,의료/건강,약국,메디팜하나로약국,-5000,KRW,Air One (에어원) 스카이패스,
2025-12-20,10:10,이체,저축,미분류,예금결산이자,0,KRW,WON 통장,
2025-12-20,04:26,이체,투자,미분류,09.20~12.19,0,KRW,저축예금,
2025-12-20,04:10,이체,미분류,미분류,입금 내역,2,KRW,저축예금,
2025-12-20,03:31,이체,투자,미분류,09.20~12.19,759,KRW,신한 주거래 우대통장(S-lite),
2025-12-20,03:22,이체,투자,미분류,09.20~12.19,0,KRW,신한S-MORE(에스모어)포인트통장,
2025-12-20,03:16,이체,투자,미분류,09.20~12.19,0,KRW,U드림 저축예금 (인터넷전용),
2025-12-20,02:53,이체,투자,미분류,09.20~12.19,0,KRW,사이버증권거래저축예금,
2025-12-19,18:43,지출,교통,대중교통,(주)이비카드,-30000,KRW,카카오페이 간편결제,
2025-12-18,12:35,이체,저축,미분류,THIDA TUN,6830000,KRW,신한 주거래 우대통장(S-lite),
2025-12-18,12:35,이체,저축,미분류,THIDA TUN,8000000,KRW,신한 주거래 우대통장(S-lite),
2025-12-17,19:49,지출,생활,마트,홈플러스익스프레스  인천부개역점,-3490,KRW,Air One (에어원) 스카이패스,
2025-12-17,13:01,지출,교통,대중교통,서울시설공단,-1200,KRW,카카오페이 간편결제,
2025-12-17,12:28,지출,식비,한식,주식회사 이천면옥,-30000,KRW,Air One (에어원) 스카이패스,
2025-12-17,00:00,지출,온라인쇼핑,서비스구독,구글페이먼트코리아 유한회사,26194,KRW,Air One (에어원) 스카이패스,
2025-12-16,21:10,지출,교통,택시,주식회사 티머니,-3000,KRW,카카오페이 간편결제,
2025-12-16,21:10,지출,교통,택시,주식회사 티머니,-31500,KRW,카카오페이 간편결제,
2025-12-16,20:12,지출,교통,택시,주식회사 티머니,-33500,KRW,카카오페이 간편결제,
2025-12-16,20:12,지출,교통,택시,주식회사 티머니,33500,KRW,카카오페이 간편결제,
2025-12-16,14:36,지출,식비,식재료,씨제이프레시웨이주식회사,-5000,KRW,Air One (에어원) 스카이패스,
2025-12-16,07:46,지출,온라인쇼핑,서비스구독,ALIPAY CONNECT PTE. LTD,-297500,KRW,카카오페이 간편결제,
2025-12-15,19:29,이체,이체,미분류,이홍규,-5000,KRW,신한 주거래 우대통장(S-lite),
2025-12-15,19:00,이체,저축,미분류,THIDA TUN,5000000,KRW,신한 주거래 우대통장(S-lite),
2025-12-15,18:33,지출,금융,이자/대출,한국장학재단,-58510,KRW,신한 주거래 우대통장(S-lite),
2025-12-15,14:24,지출,여행/숙박,해외결제,외화사신금액,-7370350,KRW,저축예금,
2025-12-15,07:04,지출,주거/통신,인터넷,LGU+84273357,-9900,KRW,신한 주거래 우대통장(S-lite),
2025-12-15,07:04,지출,주거/통신,인터넷,LGU+77651357,-33900,KRW,신한 주거래 우대통장(S-lite),
2025-12-14,18:01,지출,문화/여가,테마파크,주식회사 아틀란티스코리아,-2500,KRW,Air One (에어원) 스카이패스,
2025-12-14,17:45,지출,온라인쇼핑,인터넷쇼핑,당근페이,-500000,KRW,Air One (에어원) 스카이패스,
2025-12-14,17:40,지출,문화/여가,테마파크,주식회사 아틀란티스코리아,-28800,KRW,Air One (에어원) 스카이패스,
2025-12-14,15:48,지출,자녀/육아,놀이/체험,송도 아틀란티스 키즈 테마파크,-5600,KRW,네이버페이 간편결제(머니),
2025-12-14,15:48,지출,자녀/육아,놀이/체험,송도 아틀란티스 키즈 테마파크,-25100,KRW,네이버페이 간편결제,
2025-12-13,18:47,지출,온라인쇼핑,홈쇼핑,주식회사 코리아성지,-27100,KRW,Air One (에어원) 스카이패스,
2025-12-13,18:14,지출,생활,가구/가전,한샘,-871830,KRW,Air One (에어원) 스카이패스,
2025-12-13,12:29,지출,자동차,주차,스마트로-세외수입(비인증),-1300,KRW,Air One (에어원) 스카이패스,
2025-12-13,12:21,지출,식비,한식,우럼마왕만두,-6000,KRW,Air One (에어원) 스카이패스,
2025-12-12,19:52,지출,문화/여가,음악,진성,-103000,KRW,Air One (에어원) 스카이패스,
2025-12-12,09:32,지출,온라인쇼핑,앱스토어,구글플레이,-29000,KRW,Air One (에어원) 스카이패스,
2025-12-12,08:22,지출,금융,세금/과태료,(사단법인)금융결제원,-225080,KRW,카카오페이 간편결제,
2025-12-11,09:09,지출,여행/숙박,해외결제,외화사신금액,-7340300,KRW,저축예금,
2025-12-11,08:59,지출,주거/통신,인터넷,KT유선상품자동납부,-36300,KRW,KT DC Plus KB국민카드,
2025-12-10,18:34,지출,금융,이자/대출,한국장학재단,-60382,KRW,신한 주거래 우대통장(S-lite),
2025-12-10,15:37,지출,생활,가구/가전,퍼시스브랜드스토어,-9460,KRW,네이버페이 간편결제(포인트),
2025-12-10,15:37,지출,생활,가구/가전,퍼시스브랜드스토어,-179740,KRW,네이버페이 간편결제,
2025-12-10,08:11,지출,온라인쇼핑,인터넷쇼핑,주식회사 카카오,-17700,KRW,카카오페이 간편결제,
2025-12-10,07:00,지출,주거/통신,미분류,인천가스2512,-64240,KRW,신한 주거래 우대통장(S-lite),
2025-12-10,01:06,지출,온라인쇼핑,결제/충전,ALIPAY CONNECT PTE. LTD,-75300,KRW,카카오페이 간편결제,
2025-12-09,18:56,지출,교통,대중교통,(주)이비카드,-30000,KRW,카카오페이 간편결제,
2025-12-09,11:07,지출,뷰티/미용,헤어샵,하르르헤어,-87,KRW,네이버페이 간편결제(포인트),
2025-12-09,11:07,지출,뷰티/미용,헤어샵,하르르헤어,-8913,KRW,네이버페이 간편결제,
2025-12-09,09:45,지출,식비,식재료,씨제이프레시웨이주식회사,-9500,KRW,Air One (에어원) 스카이패스,
2025-12-09,08:18,지출,주거/통신,휴대폰,LG  U+통신요금  자동이체,-26900,KRW,Air One (에어원) 스카이패스,
2025-12-09,06:48,지출,자동차,통행료,서울터널,-2700,KRW,HYUNDAI BLUE members Family M2 Edition2(현대자동차_하이패스),
2025-12-08,19:28,지출,식비,한식,분식 봄,-2000,KRW,Air One (에어원) 스카이패스,
2025-12-08,18:25,지출,금융,이자/대출,한국장학재단,-59931,KRW,신한 주거래 우대통장(S-lite),
2025-12-08,18:25,지출,금융,이자/대출,한국장학재단,-69340,KRW,신한 주거래 우대통장(S-lite),
2025-12-08,15:10,이체,저축,미분류,THIDA TUN,8200000,KRW,신한 주거래 우대통장(S-lite),
2025-12-08,15:09,이체,저축,미분류,THIDA TUN,9000000,KRW,신한 주거래 우대통장(S-lite),
2025-12-08,15:07,이체,저축,미분류,THIDA TUN,5000000,KRW,신한 주거래 우대통장(S-lite),
2025-12-07,19:55,지출,온라인쇼핑,홈쇼핑,주식회사 코리아성지,-1000,KRW,Air One (에어원) 스카이패스,
2025-12-07,14:55,지출,온라인쇼핑,서비스구독,나이스정보통신 주식회사,-9900,KRW,카카오페이 간편결제,
2025-12-07,11:26,지출,여행/숙박,숙박비,(주)호텔신라,-193500,KRW,Air One (에어원) 스카이패스,
2025-12-07,11:26,지출,여행/숙박,숙박비,(주)호텔신라,200000,KRW,Air One (에어원) 스카이패스,
2025-12-07,07:47,수입,용돈,미분류,(250907~251206),0,KRW,저축예금,
2025-12-06,15:47,지출,여행/숙박,숙박비,(주)호텔신라,-200000,KRW,Air One (에어원) 스카이패스,
2025-12-06,10:23,지출,의료/건강,약국,봄약국,-248000,KRW,Air One (에어원) 스카이패스,
2025-12-06,10:03,지출,의료/건강,내과/가정의학,서울아산가정의학과의원,-20000,KRW,Air One (에어원) 스카이패스,
2025-12-06,01:36,지출,금융,이자/대출,한도대출이자,-225923,KRW,저축예금,
2025-12-04,09:16,지출,여행/숙박,해외결제,외화사신금액,-7346300,KRW,저축예금,
2025-12-03,20:30,지출,식비,식재료,과일야채,-1000,KRW,Air One (에어원) 스카이패스,
2025-12-03,08:15,지출,식비,식재료,씨제이프레시웨이주식회사,-6500,KRW,Air One (에어원) 스카이패스,
2025-12-02,12:11,지출,카페/간식,커피/음료,유틸리티 커피 로스터스,-19000,KRW,Air One (에어원) 스카이패스,
2025-12-02,11:38,지출,카페/간식,디저트/떡,혜민당,-38000,KRW,Air One (에어원) 스카이패스,
2025-12-02,09:08,지출,자동차,통행료,한국도로공사,-900,KRW,HYUNDAI BLUE members Family M2 Edition2(현대자동차_하이패스),
2025-12-02,09:08,지출,자동차,통행료,제이경인연결고속도로주식회사,-2400,KRW,HYUNDAI BLUE members Family M2 Edition2(현대자동차_하이패스),
2025-12-02,09:05,지출,식비,식재료,씨제이프레시웨이주식회사,-4500,KRW,Air One (에어원) 스카이패스,
2025-12-01,08:43,이체,현금,미분류,004.송영애,-800000,KRW,신한 주거래 우대통장(S-lite),
2025-12-01,05:56,지출,온라인쇼핑,결제/충전,대표(일반),-550,KRW,Air One (에어원) 스카이패스,
2025-12-01,05:08,지출,주거/통신,휴대폰,자동결제2_다날1,-1890,KRW,Air One (에어원) 스카이패스,
2025-11-30,14:02,지출,패션/쇼핑,아울렛/몰,롯데쇼핑(주) 프리미엄아울렛 의왕점,-5000,KRW,Air One (에어원) 스카이패스,
2025-11-30,10:13,이체,이체,미분류,카카오페이,-50000,KRW,신한 주거래 우대통장(S-lite),
2025-11-30,00:00,지출,자동차,통행료,한국도로공사,-900,KRW,Air One (에어원) 스카이패스,
2025-11-29,14:47,지출,금융,카드,NICE결제대행,-1000,KRW,Air One (에어원) 스카이패스,
2025-11-28,19:49,지출,뷰티/미용,헤어샵,하르르,-9000,KRW,Air One (에어원) 스카이패스,
2025-11-28,11:13,지출,여행/숙박,해외결제,외화사신금액,-7335800,KRW,저축예금,
2025-11-28,03:32,수입,급여,미분류,급여,3276380,KRW,신한 주거래 우대통장(S-lite),
2025-11-27,20:05,지출,온라인쇼핑,인터넷쇼핑,당근페이,-500000,KRW,Air One (에어원) 스카이패스,
2025-11-27,19:04,지출,온라인쇼핑,인터넷쇼핑,주식회사 카카오,-14100,KRW,카카오페이 간편결제,
2025-11-27,18:57,이체,이체,미분류,이용순,500000,KRW,신한 주거래 우대통장(S-lite),
2025-11-27,18:39,이체,이체,미분류,이용순,-500000,KRW,신한 주거래 우대통장(S-lite),
2025-11-27,15:55,지출,여행/숙박,해외결제,외화사신금액,-7338300,KRW,저축예금,
2025-11-27,11:57,지출,문화/여가,도서,2층 라이브러리(2F Library),-7300,KRW,Air One (에어원) 스카이패스,
2025-11-27,09:27,수입,사업수입,미분류,신한카드환불,1269748,KRW,신한 주거래 우대통장(S-lite),
2025-11-27,06:00,지출,여행/숙박,항공권,311234455656,-48988,KRW,신한 주거래 우대통장(S-lite),
2025-11-26,19:19,이체,카드대금,미분류,KB카드출금,-484980,KRW,신한 주거래 우대통장(S-lite),
2025-11-26,19:19,이체,카드대금,미분류,KB카드출금,-70000,KRW,신한 주거래 우대통장(S-lite),
2025-11-26,19:13,이체,카드대금,미분류,신한카드,-3725145,KRW,신한 주거래 우대통장(S-lite),
2025-11-26,18:00,이체,카드대금,미분류,신한카드,-1269748,KRW,신한 주거래 우대통장(S-lite),
2025-11-26,06:06,지출,금융,증권/투자,311243546349,-73720,KRW,신한 주거래 우대통장(S-lite),
2025-11-25,20:37,이체,저축,미분류,THIDA TUN,6000000,KRW,신한 주거래 우대통장(S-lite),
2025-11-25,20:36,이체,저축,미분류,THIDA TUN,5000000,KRW,신한 주거래 우대통장(S-lite),
2025-11-25,20:17,이체,미분류,미분류,입금 내역,670000,KRW,신한 주거래 우대통장(S-lite),
2025-11-25,20:14,이체,미분류,미분류,입금 내역,1480000,KRW,신한 주거래 우대통장(S-lite),
2025-11-25,20:12,이체,미분류,미분류,입금 내역,1490000,KRW,신한 주거래 우대통장(S-lite),
2025-11-25,20:10,이체,미분류,미분류,입금 내역,1490000,KRW,신한 주거래 우대통장(S-lite),
2025-11-25,20:08,이체,미분류,미분류,입금 내역,1480000,KRW,신한 주거래 우대통장(S-lite),
2025-11-25,20:06,이체,미분류,미분류,입금 내역,1480000,KRW,신한 주거래 우대통장(S-lite),
2025-11-25,20:05,이체,미분류,미분류,입금 내역,1500000,KRW,신한 주거래 우대통장(S-lite),
2025-11-25,20:03,이체,미분류,미분류,입금 내역,1490000,KRW,신한 주거래 우대통장(S-lite),
2025-11-25,20:01,이체,미분류,미분류,입금 내역,1480000,KRW,신한 주거래 우대통장(S-lite),
2025-11-25,20:00,이체,미분류,미분류,입금 내역,1480000,KRW,신한 주거래 우대통장(S-lite),
2025-11-25,19:58,이체,미분류,미분류,입금 내역,1450000,KRW,신한 주거래 우대통장(S-lite),
2025-11-25,19:56,이체,미분류,미분류,입금 내역,1500000,KRW,신한 주거래 우대통장(S-lite),
2025-11-25,19:54,이체,미분류,미분류,입금 내역,1480000,KRW,신한 주거래 우대통장(S-lite),
2025-11-25,19:52,이체,미분류,미분류,입금 내역,1480000,KRW,신한 주거래 우대통장(S-lite),
2025-11-25,19:12,지출,금융,보험,NH손보101회,-43470,KRW,신한 주거래 우대통장(S-lite),
2025-11-25,18:48,지출,금융,카드,현대카드(주),-1483051,KRW,신한 주거래 우대통장(S-lite),
2025-11-25,18:48,지출,금융,카드,현대카드(주),-45600,KRW,신한 주거래 우대통장(S-lite),
2025-11-25,18:35,지출,금융,이자/대출,한국장학재단,-59205,KRW,신한 주거래 우대통장(S-lite),
2025-11-25,15:20,지출,주거/통신,관리비,KB아파트관리비,-202180,KRW,KT DC Plus KB국민카드,
2025-11-25,12:09,지출,문화/여가,도서,2층 라이브러리(2F Library),-7000,KRW,Air One (에어원) 스카이패스,
2025-11-25,07:35,지출,자동차,통행료,제이서해안고속도로,-1000,KRW,HYUNDAI BLUE members Family M2 Edition2(현대자동차_하이패스),
2025-11-25,07:35,지출,자동차,통행료,한국도로공사,-1900,KRW,HYUNDAI BLUE members Family M2 Edition2(현대자동차_하이패스),
2025-11-25,03:44,수입,급여,미분류,급여,5816032,KRW,신한 주거래 우대통장(S-lite),
2025-11-25,02:01,지출,온라인쇼핑,서비스구독,Netflix.com,-17000,KRW,Air One (에어원) 스카이패스,
2025-11-24,20:03,지출,온라인쇼핑,인터넷쇼핑,주식회사 카카오,-25800,KRW,카카오페이 간편결제,
2025-11-24,17:15,지출,카페/간식,커피/음료,이디야용산원효점,-6400,KRW,Air One (에어원) 스카이패스,
2025-11-24,06:35,이체,현금,미분류,THIDA TUN,-44640,KRW,신한 주거래 우대통장(S-lite),
2025-11-24,04:36,지출,자동차,통행료,한국도로공사,-900,KRW,HYUNDAI BLUE members Family M2 Edition2(현대자동차_하이패스),
2025-11-24,00:09,지출,뷰티/미용,헤어샵,하르르헤어,-233,KRW,네이버페이 간편결제(포인트),
2025-11-24,00:09,지출,뷰티/미용,헤어샵,하르르헤어,-8767,KRW,네이버페이 간편결제,
2025-11-23,18:43,지출,온라인쇼핑,서비스구독,유튜브프리미엄,-14900,KRW,Air One (에어원) 스카이패스,
2025-11-23,15:28,지출,자동차,주차,롯데쇼핑(주)안산점-주차장,-4000,KRW,Air One (에어원) 스카이패스,
2025-11-23,14:09,지출,패션/쇼핑,백화점,롯데쇼핑(주)안산점-백화점,-11000,KRW,Air One (에어원) 스카이패스,
2025-11-23,13:16,지출,여행/숙박,숙박비,에이치투오코리아 주식회사,-659,KRW,네이버페이 간편결제(포인트),
2025-11-23,13:16,지출,여행/숙박,숙박비,에이치투오코리아 주식회사,-23341,KRW,네이버페이 간편결제,
2025-11-22,16:56,지출,식비,식재료,오아시스,-23900,KRW,Air One (에어원) 스카이패스,
2025-11-22,15:03,지출,주거/통신,휴대폰,자동결제2_다날1,-6148,KRW,Air One (에어원) 스카이패스,
2025-11-22,13:59,지출,식비,한식,(주)브라더스스토어 만사부 원그로브점,-62000,KRW,Air One (에어원) 스카이패스,
2025-11-22,05:10,수입,금융수입,미분류,이자,1,KRW,MY 입출금통장,
2025-11-21,19:31,지출,금융,세금/과태료,금융결제원 인터넷지로,-70000,KRW,네이버페이 간편결제,
2025-11-21,19:27,지출,금융,세금/과태료,금융결제원 인터넷지로,-30000,KRW,네이버페이 간편결제,
2025-11-20,11:51,지출,식비,한식,송토,-62000,KRW,Air One (에어원) 스카이패스,
2025-11-20,07:10,지출,금융,보험,KB손016 11,-13000,KRW,신한 주거래 우대통장(S-lite),
2025-11-19,21:42,지출,금융,카드,케이지모빌리언스,-100000,KRW,네이버페이 간편결제,
2025-11-19,10:59,이체,현금,미분류,현대카드,2000,KRW,신한 주거래 우대통장(S-lite),
2025-11-19,09:31,지출,식비,식재료,씨제이프레시웨이주식회사,-5900,KRW,Air One (에어원) 스카이패스,
2025-11-19,06:47,이체,현금,미분류,THIDA TUN,-6000,KRW,신한 주거래 우대통장(S-lite),
2025-11-19,06:39,지출,교통,대중교통,(주)이비카드,-30000,KRW,카카오페이 간편결제,
2025-11-18,21:45,이체,현금,미분류,THIDA TUN,-3000000,KRW,신한 주거래 우대통장(S-lite),
2025-11-18,21:04,이체,미분류,미분류,입금 내역,1000000,KRW,신한 주거래 우대통장(S-lite),
2025-11-18,21:02,이체,미분류,미분류,출금 내역,-1000000,KRW,신한 주거래 우대통장(S-lite),
2025-11-18,20:57,이체,저축,미분류,THIDA TUN,3000000,KRW,신한 주거래 우대통장(S-lite),
2025-11-18,12:13,지출,식비,한식,더한강곰탕,-31000,KRW,Air One (에어원) 스카이패스,
2025-11-18,07:41,지출,자동차,통행료,한국도로공사,-1800,KRW,HYUNDAI BLUE members Family M2 Edition2(현대자동차_하이패스),
2025-11-17,18:33,이체,이체,미분류,이용순,-1000000,KRW,저축예금,
2025-11-17,18:07,지출,온라인쇼핑,인터넷쇼핑,주식회사 카카오,-21000,KRW,카카오페이 간편결제,
2025-11-17,18:06,이체,이체,미분류,유나영,-1730000,KRW,저축예금,
2025-11-17,13:33,이체,저축,미분류,THIDA TUN,5000000,KRW,신한 주거래 우대통장(S-lite),
2025-11-17,12:13,지출,식비,한식,(주)에스와이에스홀딩스-이남장,-61000,KRW,Air One (에어원) 스카이패스,
2025-11-17,07:05,지출,주거/통신,인터넷,LGU+77651357,-33900,KRW,신한 주거래 우대통장(S-lite),
2025-11-17,07:04,지출,주거/통신,인터넷,LGU+84273357,-9900,KRW,신한 주거래 우대통장(S-lite),
2025-11-16,19:23,지출,패션/쇼핑,아울렛/몰,현대아울렛 김포점,-27500,KRW,Air One (에어원) 스카이패스,
2025-11-16,14:20,지출,카페/간식,베이커리,배다골 베이커리하우스,-15600,KRW,Air One (에어원) 스카이패스,
2025-11-16,10:54,지출,문화/여가,취미/체험,고양낙농치즈체험장,-7000,KRW,Air One (에어원) 스카이패스,
2025-11-16,00:00,지출,온라인쇼핑,인터넷쇼핑,와드,40000,KRW,Air One (에어원) 스카이패스,
2025-11-15,13:08,지출,자동차,주차,스마트로-세외수입(비인증),-3300,KRW,Air One (에어원) 스카이패스,
2025-11-15,08:25,이체,저축,미분류,예금결산이자,2,KRW,우리 SUPER주거래 통장,
2025-11-14,21:35,지출,금융,카드,NICE결제대행,-40000,KRW,Air One (에어원) 스카이패스,
2025-11-14,20:14,지출,자동차,통행료,주식회사 더즌,-5400,KRW,카카오페이 간편결제,
2025-11-14,18:40,지출,문화/여가,음악,피오리콘솔레(Fiori con sole),-30000,KRW,Air One (에어원) 스카이패스,
2025-11-14,18:25,지출,금융,이자/대출,한국장학재단,-58510,KRW,신한 주거래 우대통장(S-lite),
2025-11-14,13:13,지출,교통,대중교통,서울시설공단,-1600,KRW,카카오페이 간편결제,
2025-11-14,09:49,지출,주거/통신,관리비,환전주머니 출금,-8762160,KRW,우리 SUPER주거래 통장,
2025-11-13,12:34,지출,금융,은행,환전지갑신청(0996CCS25N922092),-14682600,KRW,저축예금,
2025-11-13,11:56,지출,여행/숙박,해외결제,외화사신금액,-7361350,KRW,저축예금,
2025-11-12,12:21,지출,문화/여가,도서,2층 라이브러리(2F Library),-3800,KRW,Air One (에어원) 스카이패스,
2025-11-12,12:20,지출,문화/여가,도서,2층 라이브러리(2F Library),-7900,KRW,Air One (에어원) 스카이패스,
2025-11-12,11:31,이체,이체,미분류,이경인,899800,KRW,NH주거래우대통장,
2025-11-12,09:33,지출,온라인쇼핑,앱스토어,구글플레이,-29000,KRW,Air One (에어원) 스카이패스,
2025-11-12,07:11,지출,온라인쇼핑,결제/충전,ALIPAY CONNECT PTE. LTD,-2500,KRW,카카오페이 간편결제,
2025-11-11,09:31,지출,주거/통신,인터넷,KT유선상품자동납부,-36300,KRW,KT DC Plus KB국민카드,
2025-11-11,08:12,지출,문화/여가,취미/체험,고양 낙농 치즈 테마체험장,7000,KRW,네이버페이 간편결제,
2025-11-11,08:10,지출,문화/여가,취미/체험,고양 낙농 치즈 테마체험장,-7000,KRW,네이버페이 간편결제,
2025-11-11,08:08,지출,문화/여가,취미/체험,고양 낙농 치즈 테마체험장,-90,KRW,네이버페이 간편결제(포인트),
2025-11-11,08:08,지출,문화/여가,취미/체험,고양 낙농 치즈 테마체험장,-65910,KRW,네이버페이 간편결제,
2025-11-10,21:44,지출,온라인쇼핑,인터넷쇼핑,당근페이,-500000,KRW,Air One (에어원) 스카이패스,
2025-11-10,19:35,지출,식비,한식,분식 봄,-6000,KRW,Air One (에어원) 스카이패스,
2025-11-10,18:27,지출,금융,이자/대출,한국장학재단,-69619,KRW,신한 주거래 우대통장(S-lite),
2025-11-10,18:27,지출,금융,이자/대출,한국장학재단,-60680,KRW,신한 주거래 우대통장(S-lite),
2025-11-10,18:27,지출,금융,이자/대출,한국장학재단,-60214,KRW,신한 주거래 우대통장(S-lite),
2025-11-10,12:17,지출,문화/여가,취미/체험,원밀,-4950,KRW,Air One (에어원) 스카이패스,
2025-11-10,07:43,지출,주거/통신,휴대폰,LG  U+통신요금  자동이체,-26900,KRW,Air One (에어원) 스카이패스,
2025-11-10,07:00,지출,온라인쇼핑,인터넷쇼핑,인천가스2511,-38010,KRW,신한 주거래 우대통장(S-lite),
2025-11-09,18:38,지출,생활,편의점,지에스(GS)25 부개북부역,-2500,KRW,Air One (에어원) 스카이패스,
2025-11-08,19:11,지출,주거/통신,월세,원옌츄(더풋샵인천대,-220000,KRW,신한 주거래 우대통장(S-lite),
2025-11-08,16:03,지출,생활,편의점,씨유 부평북부역점,-1700,KRW,Air One (에어원) 스카이패스,
2025-11-08,10:50,지출,의료/건강,약국,행운약국,-240000,KRW,Air One (에어원) 스카이패스,
2025-11-08,10:22,지출,의료/건강,내과/가정의학,서울아산가정의학과의원,-20000,KRW,Air One (에어원) 스카이패스,
2025-11-08,01:48,지출,금융,이자/대출,한도대출이자,-338442,KRW,저축예금,
2025-11-07,18:52,이체,저축,미분류,THIDA TUN,5650000,KRW,신한 주거래 우대통장(S-lite),
2025-11-07,18:51,이체,저축,미분류,THIDA TUN,9000000,KRW,신한 주거래 우대통장(S-lite),
2025-11-07,18:01,이체,이체,미분류,백정애,-31200,KRW,NH주거래우대통장,
2025-11-07,15:31,이체,이체,미분류,윤경희,-1000000,KRW,NH주거래우대통장,
2025-11-07,15:20,이체,이체,미분류,정주형,975000,KRW,NH주거래우대통장,
2025-11-07,14:55,지출,온라인쇼핑,서비스구독,나이스정보통신 주식회사,-9900,KRW,카카오페이 간편결제,
2025-11-07,08:58,지출,문화/여가,영화,CJ CGV_ 영화관람권(문화비),-14800,KRW,Air One (에어원) 스카이패스,
2025-11-06,19:28,지출,자동차,주차,파킹클라우드,-2000,KRW,Air One (에어원) 스카이패스,
2025-11-06,18:11,지출,온라인쇼핑,결제/충전,NICEPAY_결제대행2_1,-999000,KRW,Air One (에어원) 스카이패스,
2025-11-06,15:36,지출,교통,택시,티머니 개인택시,-26000,KRW,Air One (에어원) 스카이패스,
2025-11-06,06:37,지출,교통,대중교통,(주)이비카드,-30000,KRW,카카오페이 간편결제,
2025-11-06,05:47,지출,자동차,통행료,일산퇴계원고속도로,-6400,KRW,HYUNDAI BLUE members Family M2 Edition2(현대자동차_하이패스),
2025-11-05,20:14,이체,미분류,미분류,입금 내역,2110000,KRW,신한 주거래 우대통장(S-lite),
2025-11-05,20:13,이체,미분류,미분류,입금 내역,3500000,KRW,신한 주거래 우대통장(S-lite),
2025-11-05,20:11,이체,미분류,미분류,입금 내역,1490000,KRW,신한 주거래 우대통장(S-lite),
2025-11-05,20:09,이체,미분류,미분류,입금 내역,1500000,KRW,신한 주거래 우대통장(S-lite),
2025-11-05,20:08,이체,미분류,미분류,입금 내역,1500000,KRW,신한 주거래 우대통장(S-lite),
2025-11-05,20:06,이체,미분류,미분류,입금 내역,1500000,KRW,신한 주거래 우대통장(S-lite),
2025-11-05,20:05,이체,미분류,미분류,입금 내역,1500000,KRW,신한 주거래 우대통장(S-lite),
2025-11-05,20:03,이체,미분류,미분류,입금 내역,1500000,KRW,신한 주거래 우대통장(S-lite),
2025-11-05,12:17,지출,식비,한식,(주)에스와이에스홀딩스-이남장,-20000,KRW,Air One (에어원) 스카이패스,
2025-11-04,18:51,지출,문화/여가,음악,피오리콘솔레(Fiori con sole),-37000,KRW,Air One (에어원) 스카이패스,
2025-11-04,12:56,지출,식비,식재료,씨제이프레시웨이주식회사,-2000,KRW,Air One (에어원) 스카이패스,
2025-11-04,07:28,지출,자동차,통행료,한국도로공사,-1800,KRW,HYUNDAI BLUE members Family M2 Edition2(현대자동차_하이패스),
2025-11-03,18:16,이체,저축,미분류,THIDA TUN_,734000,KRW,신한 주거래 우대통장(S-lite),
2025-11-02,22:35,지출,금융,은행,환전지갑신청(0996CCS25N892245),-14335000,KRW,저축예금,
2025-11-02,22:26,지출,여행/숙박,해외결제,외화사신금액,-7170000,KRW,신한 주거래 우대통장(S-lite),
2025-11-02,21:32,이체,저축,미분류,THIDA TUN,1500000,KRW,신한 주거래 우대통장(S-lite),
2025-11-02,21:25,이체,미분류,미분류,입금 내역,1500000,KRW,신한 주거래 우대통장(S-lite),
2025-11-02,21:24,이체,미분류,미분류,입금 내역,1500000,KRW,신한 주거래 우대통장(S-lite),
2025-11-02,21:22,이체,미분류,미분류,입금 내역,1500000,KRW,신한 주거래 우대통장(S-lite),
2025-11-02,21:21,이체,미분류,미분류,입금 내역,1490000,KRW,신한 주거래 우대통장(S-lite),
2025-11-02,21:19,이체,미분류,미분류,입금 내역,1500000,KRW,신한 주거래 우대통장(S-lite),
2025-11-02,21:17,이체,미분류,미분류,입금 내역,1000000,KRW,신한 주거래 우대통장(S-lite),
2025-11-02,21:16,이체,미분류,미분류,입금 내역,5000000,KRW,신한 주거래 우대통장(S-lite),
2025-11-02,21:14,이체,미분류,미분류,입금 내역,5000000,KRW,신한 주거래 우대통장(S-lite),
2025-11-02,21:06,이체,미분류,미분류,입금 내역,1490000,KRW,신한 주거래 우대통장(S-lite),
2025-11-02,15:18,지출,식비,패스트푸드,주식회사남문,-9000,KRW,Air One (에어원) 스카이패스,
2025-11-01,18:09,지출,여행/숙박,해외결제,외화사신금액,-7170000,KRW,저축예금,
2025-11-01,05:08,지출,주거/통신,휴대폰,자동결제2_다날1,-3084,KRW,Air One (에어원) 스카이패스,
2025-10-31,19:51,지출,뷰티/미용,헤어샵,하르르,-9000,KRW,Air One (에어원) 스카이패스,
2025-10-31,18:32,이체,저축,미분류,THIDA TUN,6000000,KRW,신한 주거래 우대통장(S-lite),
2025-10-31,18:30,이체,저축,미분류,THIDA TUN,4000000,KRW,신한 주거래 우대통장(S-lite),
2025-10-31,12:46,지출,카페/간식,베이커리,락희,-10000,KRW,Air One (에어원) 스카이패스,
2025-10-31,10:37,지출,카페/간식,커피/음료,카페로찌,-12500,KRW,Air One (에어원) 스카이패스,
2025-10-31,00:00,지출,교통,대중교통,10월경기버스1건,-1450,KRW,Air One (에어원) 스카이패스,
2025-10-30,14:03,지출,식비,식재료,씨제이프레시웨이주식회사,-4500,KRW,Air One (에어원) 스카이패스,
2025-10-30,13:40,지출,자동차,정비/수리,한국교통안전공단 부천자동차검사소,-54000,KRW,네이버페이 간편결제,
2025-10-30,12:53,이체,미분류,미분류,입금 내역,200000,KRW,신한 주거래 우대통장(S-lite),
2025-10-30,08:41,이체,현금,미분류,004.송영애,-800000,KRW,신한 주거래 우대통장(S-lite),
2025-10-29,20:45,지출,금융,은행,환전지갑신청(0996CCS25O881949),-14252800,KRW,저축예금,
2025-10-29,20:30,이체,미분류,미분류,입금 내역,10000,KRW,신한 주거래 우대통장(S-lite),
2025-10-29,20:28,이체,미분류,미분류,입금 내역,10000,KRW,신한 주거래 우대통장(S-lite),
2025-10-29,20:27,이체,미분류,미분류,입금 내역,90000,KRW,신한 주거래 우대통장(S-lite),
2025-10-29,20:25,이체,미분류,미분류,입금 내역,1490000,KRW,신한 주거래 우대통장(S-lite),
2025-10-29,20:24,이체,미분류,미분류,입금 내역,1460000,KRW,신한 주거래 우대통장(S-lite),
2025-10-29,20:22,이체,미분류,미분류,입금 내역,1500000,KRW,신한 주거래 우대통장(S-lite),
2025-10-29,20:21,이체,미분류,미분류,입금 내역,1490000,KRW,신한 주거래 우대통장(S-lite),
2025-10-29,20:20,이체,미분류,미분류,입금 내역,1460000,KRW,신한 주거래 우대통장(S-lite),
2025-10-29,20:18,이체,미분류,미분류,입금 내역,1480000,KRW,신한 주거래 우대통장(S-lite),
2025-10-29,20:17,이체,미분류,미분류,입금 내역,1490000,KRW,신한 주거래 우대통장(S-lite),
2025-10-29,20:15,이체,미분류,미분류,입금 내역,1470000,KRW,신한 주거래 우대통장(S-lite),
2025-10-29,19:35,지출,식비,한식,분식 봄,-6000,KRW,Air One (에어원) 스카이패스,
2025-10-28,20:01,지출,술/유흥,이자카야,오사카로,-109000,KRW,Air One (에어원) 스카이패스,
2025-10-28,10:09,지출,자동차,통행료,주식회사 더즌,-2700,KRW,카카오페이 간편결제,
2025-10-28,07:04,지출,자동차,통행료,일산퇴계원고속도로,-1800,KRW,HYUNDAI BLUE members Family M2 Edition2(현대자동차_하이패스),
2025-10-27,19:22,이체,현금,미분류,NH손보100회,-43470,KRW,신한 주거래 우대통장(S-lite),
2025-10-27,18:52,이체,이체,미분류,한상복,-10000,KRW,신한 주거래 우대통장(S-lite),
2025-10-27,18:49,지출,금융,카드,현대카드(주),-1483051,KRW,신한 주거래 우대통장(S-lite),
2025-10-27,18:49,지출,금융,카드,현대카드(주),-25300,KRW,신한 주거래 우대통장(S-lite),
2025-10-27,18:46,이체,카드대금,미분류,KB카드출금,-505880,KRW,신한 주거래 우대통장(S-lite),
2025-10-27,18:35,지출,금융,이자/대출,한국장학재단,-59105,KRW,신한 주거래 우대통장(S-lite),
2025-10-27,18:07,이체,카드대금,미분류,신한카드,-2218841,KRW,신한 주거래 우대통장(S-lite),
2025-10-27,15:21,지출,주거/통신,관리비,KB아파트관리비,-255800,KRW,KT DC Plus KB국민카드,
2025-10-27,10:01,지출,식비,식재료,씨제이프레시웨이주식회사,-4500,KRW,Air One (에어원) 스카이패스,
2025-10-27,06:07,지출,금융,증권/투자,311243546349,-71342,KRW,신한 주거래 우대통장(S-lite),
2025-10-27,06:07,지출,여행/숙박,항공권,311234455656,-47408,KRW,신한 주거래 우대통장(S-lite),
2025-10-27,04:34,지출,자동차,통행료,한국도로공사,-900,KRW,HYUNDAI BLUE members Family M2 Edition2(현대자동차_하이패스),
2025-10-26,20:44,지출,패션/쇼핑,아울렛/몰,현대아울렛 송도점,-456000,KRW,Air One (에어원) 스카이패스,
2025-10-26,17:22,지출,문화/여가,도서,알라딘중고서점(송도),-17500,KRW,Air One (에어원) 스카이패스,
2025-10-26,17:22,지출,문화/여가,도서,알라딘중고서점 (송도)문화비,-16400,KRW,Air One (에어원) 스카이패스,
2025-10-26,17:05,지출,뷰티/미용,화장품,씨제이올리브영(주)현대프리미엄이울렛송도점,-12000,KRW,Air One (에어원) 스카이패스,
2025-10-26,16:57,지출,패션/쇼핑,아울렛/몰,현대아울렛 송도점,-49680,KRW,Air One (에어원) 스카이패스,
2025-10-26,16:36,지출,패션/쇼핑,아울렛/몰,현대아울렛 송도점,-5200,KRW,Air One (에어원) 스카이패스,
2025-10-26,16:28,지출,문화/여가,도서,(주)교보문고,-22400,KRW,Air One (에어원) 스카이패스,
2025-10-26,16:27,지출,문화/여가,도서,주식회사 교보문고,-11000,KRW,Air One (에어원) 스카이패스,
2025-10-25,21:39,지출,온라인쇼핑,홈쇼핑,주식회사 코리아성지,-3980,KRW,Air One (에어원) 스카이패스,
2025-10-25,12:50,지출,여행/숙박,숙박비,주식회사 유연음,-2500,KRW,Air One (에어원) 스카이패스,
2025-10-25,05:03,수입,금융수입,미분류,이자,1,KRW,MY 입출금통장,
2025-10-25,02:23,지출,온라인쇼핑,서비스구독,Netflix.com,-17000,KRW,Air One (에어원) 스카이패스,
2025-10-24,17:09,지출,온라인쇼핑,인터넷쇼핑,나이스_당근페이,-500000,KRW,Air One (에어원) 스카이패스,
2025-10-24,07:54,지출,금융,은행,환전지갑신청(0996CCS25O866909),-14400100,KRW,저축예금,
2025-10-24,03:52,수입,급여,미분류,급여,5590412,KRW,신한 주거래 우대통장(S-lite),
2025-10-24,03:50,수입,급여,미분류,급여,584216,KRW,신한 주거래 우대통장(S-lite),
2025-10-23,21:25,이체,미분류,미분류,입금 내역,50000,KRW,신한 주거래 우대통장(S-lite),
2025-10-23,21:24,이체,현금,미분류,THIDA TUN,-5000000,KRW,신한 주거래 우대통장(S-lite),
2025-10-23,21:24,이체,미분류,미분류,입금 내역,5000000,KRW,신한 주거래 우대통장(S-lite),
2025-10-23,21:22,이체,미분류,미분류,입금 내역,4950000,KRW,신한 주거래 우대통장(S-lite),
2025-10-23,21:20,이체,미분류,미분류,입금 내역,4950000,KRW,신한 주거래 우대통장(S-lite),
2025-10-23,21:18,이체,미분류,미분류,입금 내역,6840000,KRW,신한 주거래 우대통장(S-lite),
2025-10-23,18:43,지출,온라인쇼핑,서비스구독,유튜브프리미엄,-14900,KRW,Air One (에어원) 스카이패스,
2025-10-23,14:11,지출,식비,식재료,씨제이프레시웨이주식회사,-4500,KRW,Air One (에어원) 스카이패스,
2025-10-23,11:23,지출,뷰티/미용,헤어샵,하르르헤어,-9000,KRW,네이버페이 간편결제,
2025-10-23,11:19,지출,문화/여가,도서,예스24,-19800,KRW,네이버페이 간편결제,
2025-10-23,10:14,지출,주거/통신,관리비,환전주머니 출금,-11483280,KRW,우리 SUPER주거래 통장,
2025-10-23,10:03,이체,저축,미분류,THIDA TUN,5000000,KRW,신한 주거래 우대통장(S-lite),
2025-10-22,18:20,지출,주거/통신,관리비,환전주머니 출금,-2869820,KRW,우리 SUPER주거래 통장,
2025-10-22,15:55,지출,경조/선물,선물,우일플라워,-30000,KRW,Air One (에어원) 스카이패스,
2025-10-22,14:17,지출,카페/간식,커피/음료,컴포즈커피 청라국제업무단지점,-9200,KRW,Air One (에어원) 스카이패스,
2025-10-22,13:03,이체,이체,미분류,박완희,10300,KRW,NH주거래우대통장,
2025-10-22,11:43,이체,이체,미분류,임준국,106800,KRW,NH주거래우대통장,
2025-10-22,07:43,지출,자동차,통행료,한국도로공사,-900,KRW,HYUNDAI BLUE members Family M2 Edition2(현대자동차_하이패스),
2025-10-22,07:43,지출,자동차,통행료,인천김포고속도로,-2600,KRW,HYUNDAI BLUE members Family M2 Edition2(현대자동차_하이패스),
2025-10-22,07:43,지출,자동차,통행료,일산대교,-1200,KRW,HYUNDAI BLUE members Family M2 Edition2(현대자동차_하이패스),
2025-10-21,09:01,이체,이체,미분류,*****,1,KRW,신한 주거래 우대통장(S-lite),
2025-10-20,19:15,지출,식비,일식,돈카춘,-32400,KRW,Air One (에어원) 스카이패스,
2025-10-20,18:22,지출,카페/간식,커피/음료,메가엠지씨커피 부평북부역점,-2000,KRW,Air One (에어원) 스카이패스,
2025-10-20,16:33,지출,자동차,주차,파킹클라우드,-18000,KRW,Air One (에어원) 스카이패스,
2025-10-20,15:51,이체,저축,미분류,THIDA TUN,5000000,KRW,신한 주거래 우대통장(S-lite),
2025-10-20,15:51,이체,저축,미분류,THIDA TUN,5000000,KRW,신한 주거래 우대통장(S-lite),
2025-10-20,15:32,지출,식비,양식,일마지오 킨텍스점,-11000,KRW,Air One (에어원) 스카이패스,
2025-10-20,15:01,이체,현금,미분류,THIDA TUN,-5000000,KRW,신한 주거래 우대통장(S-lite),
2025-10-20,13:32,지출,주거/통신,관리비,환전주머니 출금,-11372720,KRW,우리 SUPER주거래 통장,
2025-10-20,13:14,이체,현금,미분류,THIDA TUN,-5000000,KRW,신한 주거래 우대통장(S-lite),
2025-10-20,13:12,이체,미분류,미분류,입금 내역,5000000,KRW,신한 주거래 우대통장(S-lite),
2025-10-20,13:11,이체,미분류,미분류,입금 내역,2950000,KRW,신한 주거래 우대통장(S-lite),
2025-10-20,13:08,이체,미분류,미분류,입금 내역,5000000,KRW,신한 주거래 우대통장(S-lite),
2025-10-20,13:06,이체,미분류,미분류,입금 내역,5000000,KRW,신한 주거래 우대통장(S-lite),
2025-10-20,12:08,지출,식비,한식,본우리반상 킨텍스점,-11900,KRW,Air One (에어원) 스카이패스,
2025-10-20,07:10,지출,금융,보험,KB손015 10,-13000,KRW,신한 주거래 우대통장(S-lite),
2025-10-19,21:18,지출,온라인쇼핑,홈쇼핑,주식회사 코리아성지,-24820,KRW,Air One (에어원) 스카이패스,
2025-10-19,14:23,지출,문화/여가,게임,두산게임,-6000,KRW,Air One (에어원) 스카이패스,
2025-10-19,13:30,지출,문화/여가,테마파크,뽀로로테마파크 월미도점,-36500,KRW,Air One (에어원) 스카이패스,
2025-10-19,12:45,지출,주거/통신,관리비,환전주머니 출금,-2853000,KRW,우리 SUPER주거래 통장,
2025-10-19,09:34,이체,저축,미분류,THIDA TUN,980000,KRW,신한 주거래 우대통장(S-lite),
2025-10-19,08:50,지출,금융,은행,네이버파이낸셜(주),-72600,KRW,Air One (에어원) 스카이패스,
2025-10-18,19:20,지출,문화/여가,취미/체험,토스 이다정,-208000,KRW,신한 주거래 우대통장(S-lite),
2025-10-18,18:38,지출,온라인쇼핑,인터넷쇼핑,주식회사 카카오,-11600,KRW,카카오페이 간편결제,
2025-10-18,14:09,지출,여행/숙박,해외결제,외화사신금액,-7132450,KRW,신한 주거래 우대통장(S-lite),
2025-10-18,13:37,이체,저축,미분류,THIDA TUN,5000000,KRW,신한 주거래 우대통장(S-lite),
2025-10-18,13:36,이체,저축,미분류,THIDA TUN,5000000,KRW,신한 주거래 우대통장(S-lite),
2025-10-18,09:15,이체,저축,미분류,예금결산이자,0,KRW,우리 SUPER주거래 통장,
2025-10-17,14:57,지출,온라인쇼핑,인터넷쇼핑,주식회사 카카오,-4700,KRW,카카오페이 간편결제,
2025-10-16,20:14,지출,식비,치킨,추닭집 부평점,-9000,KRW,Air One (에어원) 스카이패스,
2025-10-16,19:42,지출,식비,한식,분식 봄,-6000,KRW,Air One (에어원) 스카이패스,
2025-10-16,18:59,지출,교통,대중교통,(주)이비카드,-30000,KRW,카카오페이 간편결제,
2025-10-16,12:14,지출,식비,식재료,씨제이프레시웨이주식회사,-4000,KRW,Air One (에어원) 스카이패스,
2025-10-16,10:49,이체,현금,미분류,THIDA TUN,-14400,KRW,신한 주거래 우대통장(S-lite),
2025-10-16,09:30,지출,여행/숙박,해외결제,외화사신금액,-7108400,KRW,저축예금,
2025-10-15,15:35,이체,저축,미분류,THIDA TUN,3000000,KRW,신한 주거래 우대통장(S-lite),
2025-10-15,15:35,이체,저축,미분류,THIDA TUN,5000000,KRW,신한 주거래 우대통장(S-lite),
2025-10-15,14:05,지출,문화/여가,도서,예스24,-79,KRW,네이버페이 간편결제(포인트),
2025-10-15,14:05,지출,문화/여가,도서,예스24,-14771,KRW,네이버페이 간편결제,
2025-10-15,12:46,이체,현금,미분류,THIDA TUN,-5000000,KRW,저축예금,
2025-10-15,12:14,지출,카페/간식,베이커리,마포빵집,-14600,KRW,Air One (에어원) 스카이패스,
2025-10-15,11:47,지출,금융,카드,브이피(주),-7900,KRW,KT DC Plus KB국민카드,
2025-10-15,10:24,지출,여행/숙박,해외결제,외화사신금액,-7145450,KRW,저축예금,
2025-10-15,07:02,지출,주거/통신,인터넷,LGU+77651357,-33900,KRW,신한 주거래 우대통장(S-lite),
2025-10-15,07:02,지출,주거/통신,인터넷,LGU+84273357,-9900,KRW,신한 주거래 우대통장(S-lite),
2025-10-14,18:26,지출,금융,이자/대출,한국장학재단,-58510,KRW,신한 주거래 우대통장(S-lite),
2025-10-14,14:58,이체,저축,미분류,THIDA TUN,3490000,KRW,신한 주거래 우대통장(S-lite),
2025-10-14,14:55,이체,저축,미분류,THIDA TUN,5000000,KRW,신한 주거래 우대통장(S-lite),
2025-10-14,06:32,지출,자동차,통행료,서울터널,-2700,KRW,HYUNDAI BLUE members Family M2 Edition2(현대자동차_하이패스),
2025-10-14,06:32,지출,자동차,통행료,대전천변도시고속화도로,-800,KRW,HYUNDAI BLUE members Family M2 Edition2(현대자동차_하이패스),
2025-10-13,19:35,지출,식비,한식,분식 봄,-6000,KRW,Air One (에어원) 스카이패스,
2025-10-13,09:35,지출,주거/통신,인터넷,KT유선상품자동납부,-36300,KRW,KT DC Plus KB국민카드,
2025-10-13,09:21,지출,여행/숙박,해외결제,외화사신금액,-7147450,KRW,저축예금,
2025-10-13,08:44,이체,이체,미분류,*****,1,KRW,신한 주거래 우대통장(S-lite),
2025-10-12,19:36,지출,온라인쇼핑,서비스구독,구글페이먼트코리아 유한회사,-15000,KRW,토스 간편결제,
2025-10-12,13:56,지출,카페/간식,커피/음료,씨제이프레시웨이(주)국립중앙박물관 투썸플레이스3,-10400,KRW,Air One (에어원) 스카이패스,
2025-10-12,09:33,지출,온라인쇼핑,앱스토어,구글플레이,-29000,KRW,Air One (에어원) 스카이패스,
2025-10-11,17:22,이체,이체,미분류,최삼녀,-3000,KRW,신한 주거래 우대통장(S-lite),
2025-10-11,16:26,이체,이체,미분류,송은섭,-5000,KRW,신한 주거래 우대통장(S-lite),
2025-10-11,15:46,지출,문화/여가,음악,미카,-200000,KRW,Air One (에어원) 스카이패스,
2025-10-11,11:47,지출,온라인쇼핑,홈쇼핑,주식회사 코리아성지,-15590,KRW,Air One (에어원) 스카이패스,
2025-10-10,22:11,지출,문화/여가,취미/체험,토스 이다정,-100000,KRW,신한 주거래 우대통장(S-lite),
2025-10-10,20:38,지출,생활,마트,홈플러스익스프레스  인천부개역점,-7080,KRW,Air One (에어원) 스카이패스,
2025-10-10,18:36,지출,금융,이자/대출,한국장학재단,-60081,KRW,신한 주거래 우대통장(S-lite),
2025-10-10,18:36,지출,금융,이자/대출,한국장학재단,-69518,KRW,신한 주거래 우대통장(S-lite),
2025-10-10,18:36,지출,금융,이자/대출,한국장학재단,-60532,KRW,신한 주거래 우대통장(S-lite),
2025-10-10,12:14,지출,카페/간식,베이커리,카페 우디 용산점,-10500,KRW,Air One (에어원) 스카이패스,
2025-10-10,11:41,이체,현금,미분류,현대카드,48822,KRW,신한 주거래 우대통장(S-lite),
2025-10-10,10:55,지출,여행/숙박,해외결제,외화사신금액,-7117400,KRW,저축예금,
2025-10-10,07:00,지출,주거/통신,가스비,인천가스2510,-21290,KRW,신한 주거래 우대통장(S-lite),
2025-10-10,06:57,지출,주거/통신,휴대폰,LG  U+통신요금  자동이체,-26900,KRW,Air One (에어원) 스카이패스,
2025-10-09,19:29,지출,생활,마트,롯데마트 송도점 (매장),-4500,KRW,Air One (에어원) 스카이패스,
2025-10-09,15:52,지출,생활,편의점,씨유(CU) 송도탐빌점,-1700,KRW,Air One (에어원) 스카이패스,
2025-10-08,14:13,이체,투자,미분류,041-5893,100000,KRW,NH주거래우대통장,
2025-10-08,12:50,이체,미분류,미분류,입금 내역,550000,KRW,신한 주거래 우대통장(S-lite),
2025-10-08,12:49,이체,미분류,미분류,입금 내역,1500000,KRW,신한 주거래 우대통장(S-lite),
2025-10-08,12:47,이체,미분류,미분류,입금 내역,1490000,KRW,신한 주거래 우대통장(S-lite),
2025-10-08,12:45,이체,미분류,미분류,입금 내역,1500000,KRW,신한 주거래 우대통장(S-lite),
2025-10-08,12:43,이체,미분류,미분류,입금 내역,1500000,KRW,신한 주거래 우대통장(S-lite),
2025-10-08,12:41,이체,미분류,미분류,입금 내역,1490000,KRW,신한 주거래 우대통장(S-lite),
2025-10-08,12:38,이체,미분류,미분류,입금 내역,1500000,KRW,신한 주거래 우대통장(S-lite),
2025-10-08,12:36,이체,미분류,미분류,입금 내역,1500000,KRW,신한 주거래 우대통장(S-lite),
2025-10-08,12:34,이체,미분류,미분류,입금 내역,1500000,KRW,신한 주거래 우대통장(S-lite),
2025-10-08,12:33,이체,미분류,미분류,입금 내역,1500000,KRW,신한 주거래 우대통장(S-lite),
2025-10-08,12:31,이체,미분류,미분류,입금 내역,1500000,KRW,신한 주거래 우대통장(S-lite),
2025-10-08,12:29,이체,미분류,미분류,입금 내역,1500000,KRW,신한 주거래 우대통장(S-lite),
2025-10-08,12:19,이체,미분류,미분류,입금 내역,1490000,KRW,신한 주거래 우대통장(S-lite),
2025-10-08,12:17,이체,미분류,미분류,입금 내역,1500000,KRW,신한 주거래 우대통장(S-lite),
2025-10-07,20:16,지출,금융,은행,송금 내역,-100000,KRW,카카오페이 머니,
2025-10-07,20:00,지출,온라인쇼핑,인터넷쇼핑,나이스_당근페이,-500000,KRW,Air One (에어원) 스카이패스,
2025-10-07,19:10,이체,이체,미분류,이용순,200000,KRW,신한 주거래 우대통장(S-lite),
2025-10-07,15:16,지출,생활,생필품,신풍농업협동조합,-6500,KRW,Air One (에어원) 스카이패스,
2025-10-07,14:55,지출,온라인쇼핑,서비스구독,나이스정보통신 주식회사,-9900,KRW,카카오페이 간편결제,
2025-10-07,11:52,이체,이체,미분류,이용순,-200000,KRW,저축예금,
2025-10-07,06:07,지출,문화/여가,취미/체험,토스 이다정,-330000,KRW,신한 주거래 우대통장(S-lite),
2025-10-05,18:07,지출,자동차,주차,코레일네트웍스 (주),-1000,KRW,Air One (에어원) 스카이패스,
2025-10-05,13:48,이체,이체,미분류,이용순,-300000,KRW,신한 주거래 우대통장(S-lite),
2025-10-05,11:27,이체,이체,미분류,이용순,-1200000,KRW,저축예금,
2025-10-05,00:00,지출,교통,철도,고속철도(KTX)용산-서대전,23500,KRW,Air One (에어원) 스카이패스,
2025-10-04,20:45,지출,패션/쇼핑,아울렛/몰,(주)아트박스 홍대점,-3800,KRW,Air One (에어원) 스카이패스,
2025-10-04,19:35,지출,교통,철도,한국철도공사,23500,KRW,네이버페이 간편결제,
2025-10-04,19:33,지출,교통,철도,한국철도공사,-23500,KRW,네이버페이 간편결제,
2025-10-04,19:31,지출,교통,철도,한국철도공사,-23500,KRW,Air One (에어원) 스카이패스,
2025-10-04,13:40,이체,이체,미분류,*****,1,KRW,신한 주거래 우대통장(S-lite),
2025-10-03,01:33,지출,금융,이자/대출,한도대출이자,-165629,KRW,저축예금,
2025-10-02,03:58,수입,급여,미분류,급여,1090100,KRW,신한 주거래 우대통장(S-lite),
2025-10-01,17:12,지출,카페/간식,커피/음료,이디야용산원효점,-3200,KRW,Air One (에어원) 스카이패스,
2025-10-01,15:26,이체,현금,미분류,현대자동차,8000,KRW,신한 주거래 우대통장(S-lite),
2025-10-01,12:13,지출,식비,고기,길농원/길농원훈제바베큐,-39000,KRW,Air One (에어원) 스카이패스,
2025-10-01,09:09,지출,여행/숙박,해외결제,외화사신금액,-7032750,KRW,저축예금,
2025-10-01,05:14,지출,주거/통신,휴대폰,자동결제2_다날1,-3084,KRW,Air One (에어원) 스카이패스,
2025-09-30,20:14,지출,식비,식재료,과일야채,-3500,KRW,Air One (에어원) 스카이패스,
2025-09-30,20:00,지출,뷰티/미용,헤어샵,하르르,-9000,KRW,Air One (에어원) 스카이패스,
2025-09-30,19:24,수입,용돈,미분류,711업비트,1,KRW,MY 입출금통장,
2025-09-30,19:15,수입,용돈,미분류,723업비트,1,KRW,MY 입출금통장,
2025-09-30,12:33,지출,여행/숙박,해외결제,외화사신금액,-7025750,KRW,저축예금,
2025-09-30,11:50,지출,문화/여가,취미/체험,원밀,-4950,KRW,Air One (에어원) 스카이패스,
2025-09-30,08:41,이체,현금,미분류,004.송영애,-800000,KRW,신한 주거래 우대통장(S-lite),
2025-09-30,06:38,지출,자동차,통행료,제이경인연결고속도로주식회사,-1900,KRW,HYUNDAI BLUE members Family M2 Edition2(현대자동차_하이패스),
2025-09-30,06:38,지출,자동차,통행료,제이영동고속도로,-7700,KRW,HYUNDAI BLUE members Family M2 Edition2(현대자동차_하이패스),
2025-09-30,06:38,지출,자동차,통행료,한국도로공사,-7300,KRW,HYUNDAI BLUE members Family M2 Edition2(현대자동차_하이패스),
2025-09-29,20:23,지출,교통,철도,한국철도공사,-23500,KRW,네이버페이 간편결제,
2025-09-29,20:21,지출,교통,철도,한국철도공사,-23500,KRW,Air One (에어원) 스카이패스,
2025-09-29,19:03,지출,교통,대중교통,(주)이비카드,-30000,KRW,카카오페이 간편결제,
2025-09-29,08:26,지출,온라인쇼핑,인터넷쇼핑,주식회사 카카오,-17700,KRW,카카오페이 간편결제,
2025-09-29,08:24,지출,온라인쇼핑,인터넷쇼핑,주식회사 카카오,-17700,KRW,카카오페이 간편결제,
2025-09-29,06:08,지출,여행/숙박,항공권,311234455656,-48988,KRW,신한 주거래 우대통장(S-lite),
2025-09-28,19:33,지출,여행/숙박,해외결제,외화사신금액,-7067300,KRW,저축예금,
2025-09-28,10:46,이체,미분류,미분류,입금 내역,5,KRW,NH주거래우대통장,
2025-09-28,09:32,지출,식비,한식,제이영동광주(하)휴게소,-9000,KRW,Air One (에어원) 스카이패스,
2025-09-27,22:33,지출,여행/숙박,해외결제,외화사신금액,-4240380,KRW,저축예금,
2025-09-27,22:31,이체,현금,미분류,THIDA TUN,-300000,KRW,신한 주거래 우대통장(S-lite),
2025-09-27,04:23,수입,금융수입,미분류,이자,2,KRW,MY 입출금통장,
2025-09-26,20:14,지출,여행/숙박,해외결제,외화사신금액,-2827940,KRW,저축예금,
2025-09-26,18:26,이체,카드대금,미분류,KB카드출금,-10000,KRW,신한 주거래 우대통장(S-lite),
2025-09-26,18:01,이체,카드대금,미분류,신한카드,-2574229,KRW,신한 주거래 우대통장(S-lite),
2025-09-26,06:06,지출,금융,증권/투자,311243546349,-73720,KRW,신한 주거래 우대통장(S-lite),
2025-09-25,19:04,이체,이체,미분류,NH손보099회,-43470,KRW,신한 주거래 우대통장(S-lite),
2025-09-25,18:48,지출,금융,카드,현대카드(주),-1497418,KRW,신한 주거래 우대통장(S-lite),
2025-09-25,18:48,지출,금융,카드,현대카드(주),-35280682,KRW,신한 주거래 우대통장(S-lite),
2025-09-25,18:34,지출,금융,이자/대출,한국장학재단,-59360,KRW,신한 주거래 우대통장(S-lite),
2025-09-25,15:47,지출,카페/간식,커피/음료,카페로찌,-7000,KRW,Air One (에어원) 스카이패스,
2025-09-25,06:56,지출,온라인쇼핑,서비스구독,Netflix_INICIS,-17000,KRW,Air One (에어원) 스카이패스,
2025-09-25,03:41,수입,급여,미분류,급여,2567865,KRW,신한 주거래 우대통장(S-lite),
2025-09-24,15:18,지출,주거/통신,관리비,KB아파트관리비,-301580,KRW,KT DC Plus KB국민카드,
2025-09-23,18:43,지출,온라인쇼핑,서비스구독,유튜브프리미엄,-14900,KRW,Air One (에어원) 스카이패스,
2025-09-23,16:23,지출,식비,식재료,씨제이프레시웨이주식회사,-8400,KRW,Air One (에어원) 스카이패스,
2025-09-23,12:20,지출,카페/간식,베이커리,마포빵집,-32200,KRW,Air One (에어원) 스카이패스,
2025-09-23,08:09,지출,뷰티/미용,헤어샵,하르르헤어,-1023,KRW,네이버페이 간편결제(포인트),
2025-09-23,08:09,지출,뷰티/미용,헤어샵,하르르헤어,-7977,KRW,네이버페이 간편결제,
2025-09-23,07:02,지출,자동차,통행료,한국도로공사,-1800,KRW,HYUNDAI BLUE members Family M2 Edition2(현대자동차_하이패스),
2025-09-23,07:02,지출,자동차,통행료,제이경인연결고속도로주식회사,-1200,KRW,HYUNDAI BLUE members Family M2 Edition2(현대자동차_하이패스),
2025-09-23,07:02,지출,자동차,통행료,강남순환도로,-1900,KRW,HYUNDAI BLUE members Family M2 Edition2(현대자동차_하이패스),
2025-09-22,19:18,지출,금융,세금/과태료,지방세 재산세(주택),-106800,KRW,토스뱅크 통장,
2025-09-22,19:09,지출,금융,세금/과태료,금융결제원 인터넷지로,-59660,KRW,네이버페이 간편결제,
2025-09-22,19:09,지출,금융,세금/과태료,금융결제원 인터넷지로,-42880,KRW,네이버페이 간편결제,
2025-09-22,17:19,지출,문화/여가,스포츠,용산 탑 복싱,-510000,KRW,Air One (에어원) 스카이패스,
2025-09-22,13:27,이체,저축,미분류,THIDA TUN,8600000,KRW,신한 주거래 우대통장(S-lite),
2025-09-22,13:25,이체,저축,미분류,THIDA TUN,9000000,KRW,신한 주거래 우대통장(S-lite),
2025-09-22,13:24,이체,저축,미분류,THIDA TUN,9000000,KRW,신한 주거래 우대통장(S-lite),
2025-09-22,07:11,지출,금융,보험,KB손014 09,-13000,KRW,신한 주거래 우대통장(S-lite),
2025-09-21,22:40,이체,저축,미분류,THIDA TUN,2500000,KRW,신한 주거래 우대통장(S-lite),
2025-09-21,16:58,지출,식비,한식,나주면옥,-56000,KRW,Air One (에어원) 스카이패스,
2025-09-21,15:32,지출,자동차,주차,주식회사 카카오모빌리티_서울대공원,-6000,KRW,Air One (에어원) 스카이패스,
2025-09-21,15:19,지출,생활,생활서비스,동원건설산업 주식회사,-4000,KRW,Air One (에어원) 스카이패스,
2025-09-21,13:34,지출,생활,편의점,세븐일레븐 서울대공원점,-1200,KRW,Air One (에어원) 스카이패스,
2025-09-21,13:24,지출,식비,한식,주식회사 밥심,-13000,KRW,Air One (에어원) 스카이패스,
2025-09-21,12:31,지출,금융,세금/과태료,공공기관,-5000,KRW,Air One (에어원) 스카이패스,
2025-09-21,12:15,지출,생활,생활서비스,동원건설산업 주식회사,-4000,KRW,KT DC Plus KB국민카드,
2025-09-20,19:58,지출,온라인쇼핑,인터넷쇼핑,나이스_당근페이,-500000,KRW,Air One (에어원) 스카이패스,
2025-09-20,16:19,지출,카페/간식,도넛/핫도그,신사와꽈배기,-5000,KRW,KT DC Plus KB국민카드,
2025-09-20,11:42,이체,저축,미분류,예금결산이자,0,KRW,WON 통장,
2025-09-20,11:26,지출,생활,마트,한샘마트,-17630,KRW,KT DC Plus KB국민카드,
2025-09-20,10:50,지출,생활,마트,롯데마트삼산점,-39900,KRW,KT DC Plus KB국민카드,
2025-09-20,09:32,이체,저축,미분류,예금결산이자,0,KRW,우리 SUPER주거래 통장,
2025-09-20,03:11,수입,금융수입,미분류,06.21~09.19,0,KRW,U드림 저축예금 (인터넷전용),
2025-09-20,01:53,수입,금융수입,미분류,06.21~09.19,0,KRW,신한S-MORE(에스모어)포인트통장,
2025-09-20,01:52,수입,금융수입,미분류,06.21~09.19,0,KRW,사이버증권거래저축예금,
2025-09-20,01:48,수입,금융수입,미분류,06.21~09.19,0,KRW,저축예금,
2025-09-20,01:45,이체,저축,미분류,06.21~09.19,373,KRW,신한 주거래 우대통장(S-lite),
2025-09-19,09:13,지출,주거/통신,인터넷,KT유선상품자동납부,-73920,KRW,KT DC Plus KB국민카드,
2025-09-19,06:38,이체,이체,미분류,카카오페이,-150000,KRW,신한 주거래 우대통장(S-lite),
2025-09-18,18:11,지출,술/유흥,와인,와인앤모광화문점,-82900,KRW,Air One (에어원) 스카이패스,
2025-09-18,11:09,지출,여행/숙박,해외결제,외화사신금액,-6930100,KRW,저축예금,
2025-09-17,20:55,지출,식비,한식,무지개곱창,-14000,KRW,Air One (에어원) 스카이패스,
2025-09-17,15:38,수입,급여,미분류,급여,20542176,KRW,신한 주거래 우대통장(S-lite),
2025-09-17,13:20,지출,식비,식재료,씨제이프레시웨이주식회사,-4000,KRW,Air One (에어원) 스카이패스,
2025-09-17,09:30,지출,여행/숙박,해외결제,외화사신금액,-2762020,KRW,저축예금,
2025-09-16,15:39,지출,식비,식재료,씨제이프레시웨이(주),-6000,KRW,KT DC Plus KB국민카드,
2025-09-16,13:34,지출,여행/숙박,해외결제,외화사신금액,-2765020,KRW,저축예금,
2025-09-15,18:28,지출,금융,이자/대출,한국장학재단,-58510,KRW,신한 주거래 우대통장(S-lite),
2025-09-15,07:04,지출,주거/통신,인터넷,LGU+77651357,-33900,KRW,신한 주거래 우대통장(S-lite),
2025-09-15,07:03,지출,주거/통신,인터넷,LGU+84273357,-9900,KRW,신한 주거래 우대통장(S-lite),
2025-09-14,19:15,지출,생활,마트,한샘마트,-1780,KRW,KT DC Plus KB국민카드,
2025-09-14,19:13,지출,생활,마트,한샘마트,-13750,KRW,KT DC Plus KB국민카드,
2025-09-14,18:49,지출,생활,마트,스마트로-세외수입(인증),-1500,KRW,Air One (에어원) 스카이패스,
2025-09-14,09:23,지출,생활,마트,한샘마트,-3990,KRW,KT DC Plus KB국민카드,
2025-09-14,09:22,지출,생활,마트,한샘마트,-39830,KRW,KT DC Plus KB국민카드,
2025-09-13,16:31,지출,패션/쇼핑,백화점,(주)현대백화점  신촌점,-52000,KRW,Air One (에어원) 스카이패스,
2025-09-13,15:30,지출,카페/간식,커피/음료,(주)에스씨케이 컴퍼니,-20000,KRW,Air One (에어원) 스카이패스,
2025-09-13,14:41,지출,식비,중식,복성각,-39000,KRW,Air One (에어원) 스카이패스,
2025-09-13,00:00,지출,자동차,통행료,한국도로공사,-900,KRW,Air One (에어원) 스카이패스,
2025-09-12,19:50,지출,생활,편의점,코레일유통주식회사(부개역),-2000,KRW,KT DC Plus KB국민카드,
2025-09-12,13:40,이체,저축,미분류,THIDA TUN,700000,KRW,신한 주거래 우대통장(S-lite),
2025-09-12,12:35,지출,식비,식재료,씨제이프레시웨이주식회사,-4000,KRW,Air One (에어원) 스카이패스,
2025-09-12,09:33,지출,온라인쇼핑,앱스토어,구글플레이,-29000,KRW,Air One (에어원) 스카이패스,
2025-09-11,17:14,지출,생활,편의점,코레일유통주식회사(부개역),-10000,KRW,KT DC Plus KB국민카드,
2025-09-11,12:59,지출,의료/건강,치과,부평유디치과,-300000,KRW,Air One (에어원) 스카이패스,
2025-09-10,19:19,지출,교통,대중교통,(주)이비카드,-30000,KRW,카카오페이 간편결제,
2025-09-10,19:00,지출,문화/여가,음악,피오리콘솔레(Fiori con sole),-40000,KRW,Air One (에어원) 스카이패스,
2025-09-10,18:27,지출,금융,이자/대출,한국장학재단,-60835,KRW,신한 주거래 우대통장(S-lite),
2025-09-10,13:28,지출,금융,카드,케이지모빌리언스,-182,KRW,네이버페이 간편결제,
2025-09-10,11:56,지출,식비,식재료,씨제이프레시웨이주식회사,-16000,KRW,Air One (에어원) 스카이패스,
2025-09-10,07:00,지출,주거/통신,미분류,인천가스2509,-20270,KRW,신한 주거래 우대통장(S-lite),
2025-09-09,12:44,지출,식비,식재료,씨제이프레시웨이주식회사,-4000,KRW,Air One (에어원) 스카이패스,
2025-09-09,09:53,지출,주거/통신,휴대폰,LG  U+통신요금  자동이체,-34020,KRW,Air One (에어원) 스카이패스,
2025-09-08,18:25,지출,금융,이자/대출,한국장학재단,-60369,KRW,신한 주거래 우대통장(S-lite),
2025-09-08,18:25,지출,금융,이자/대출,한국장학재단,-69803,KRW,신한 주거래 우대통장(S-lite),
2025-09-08,12:28,지출,카페/간식,커피/음료,커피볶는 시골커피 서울용산점,-13800,KRW,Air One (에어원) 스카이패스,
2025-09-07,17:26,지출,식비,고기,신정희 숯불닭갈비,-39000,KRW,Air One (에어원) 스카이패스,
2025-09-07,14:56,지출,온라인쇼핑,서비스구독,나이스페이먼츠 주식회사,-9900,KRW,카카오페이 간편결제,
2025-09-07,14:48,지출,식비,식재료,과일야채,-3500,KRW,Air One (에어원) 스카이패스,
2025-09-07,11:58,지출,식비,한식,김밥천국,-21000,KRW,Air One (에어원) 스카이패스,
2025-09-07,11:19,지출,온라인쇼핑,결제/충전,NICEPAY_결제대행2_1,-100000,KRW,Air One (에어원) 스카이패스,
2025-09-07,06:24,이체,저축,미분류,(250608~250906),0,KRW,저축예금,
2025-09-06,13:54,지출,패션/쇼핑,아울렛/몰,현대아울렛 송도점,-6000,KRW,Air One (에어원) 스카이패스,
2025-09-06,01:41,지출,금융,이자/대출,한도대출이자,-204753,KRW,저축예금,
2025-09-05,12:14,지출,온라인쇼핑,인터넷쇼핑,주식회사 카카오,-39900,KRW,카카오페이 간편결제,
2025-09-05,10:54,지출,자녀/육아,육아용품,소베맘,-7454,KRW,네이버페이 간편결제(포인트),
2025-09-05,10:54,지출,자녀/육아,육아용품,소베맘,-102346,KRW,네이버페이 간편결제,
2025-09-04,08:16,지출,식비,식재료,씨제이프레시웨이주식회사,-4800,KRW,Air One (에어원) 스카이패스,
2025-09-03,15:01,지출,온라인쇼핑,인터넷쇼핑,당근페이,-500000,KRW,Air One (에어원) 스카이패스,
2025-09-03,14:03,지출,식비,식재료,씨제이프레시웨이주식회사,-2000,KRW,Air One (에어원) 스카이패스,
2025-09-03,13:04,이체,이체,미분류,*****,1,KRW,신한 주거래 우대통장(S-lite),
2025-09-03,10:53,지출,자동차,통행료,주식회사 더즌,-2700,KRW,카카오페이 간편결제,
2025-09-03,10:53,이체,이체,미분류,카카오페이,-10000,KRW,신한 주거래 우대통장(S-lite),
2025-09-02,20:30,지출,온라인쇼핑,홈쇼핑,주식회사 코리아성지,-51960,KRW,Air One (에어원) 스카이패스,
2025-09-02,13:38,지출,여행/숙박,해외결제,외화사신금액,-2789260,KRW,저축예금,
2025-09-02,11:38,지출,패션/쇼핑,패션,오운(own),-37500,KRW,Air One (에어원) 스카이패스,
2025-09-01,12:05,지출,식비,식재료,씨제이프레시웨이주식회사,-11800,KRW,Air One (에어원) 스카이패스,
2025-09-01,09:56,지출,금융,세금/과태료,(사단법인)금융결제원,-11700,KRW,카카오페이 간편결제,
2025-09-01,08:41,이체,현금,미분류,004.송영애,-800000,KRW,신한 주거래 우대통장(S-lite),
2025-09-01,05:14,지출,주거/통신,휴대폰,자동결제2_다날1,-3084,KRW,Air One (에어원) 스카이패스,
2025-08-31,00:00,지출,자동차,통행료,08월인천대교1건,-5500,KRW,Air One (에어원) 스카이패스,
2025-08-31,00:00,지출,교통,대중교통,민자도로 후불교통카드_이동의즐거움,-4400,KRW,Air One (에어원) 스카이패스,
2025-08-31,00:00,지출,자동차,통행료,한국도로공사,-900,KRW,Air One (에어원) 스카이패스,
2025-08-31,00:00,지출,자동차,통행료,한국도로공사,-1700,KRW,Air One (에어원) 스카이패스,
2025-08-31,00:00,지출,자동차,통행료,한국도로공사,-2100,KRW,Air One (에어원) 스카이패스,
2025-08-31,00:00,지출,자동차,통행료,한국도로공사,-6800,KRW,Air One (에어원) 스카이패스,
2025-08-31,00:00,지출,자동차,통행료,한국도로공사,-9100,KRW,Air One (에어원) 스카이패스,
2025-08-31,00:00,지출,자동차,통행료,서부간선,-2800,KRW,Air One (에어원) 스카이패스,
2025-08-29,20:16,지출,뷰티/미용,헤어샵,하르르,-9000,KRW,Air One (에어원) 스카이패스,
2025-08-28,17:13,이체,이체,미분류,*****,1,KRW,신한 주거래 우대통장(S-lite),
2025-08-28,10:54,지출,여행/숙박,해외결제,외화사신금액,-2786460,KRW,저축예금,
2025-08-28,08:14,지출,식비,식재료,씨제이프레시웨이주식회사,-8500,KRW,Air One (에어원) 스카이패스,
2025-08-27,11:34,지출,여행/숙박,해외결제,외화사신금액,-2797080,KRW,저축예금,
2025-08-27,10:39,이체,이체,미분류,이헌기,-68000,KRW,신한 주거래 우대통장(S-lite),
2025-08-27,10:37,지출,금융,증권/투자,인천광취득세,-4095430,KRW,신한 주거래 우대통장(S-lite),
2025-08-27,06:00,지출,여행/숙박,항공권,311234455656,-49130,KRW,신한 주거래 우대통장(S-lite),
2025-08-26,18:49,지출,자동차,주차,서울시설공단,-30000,KRW,카카오페이 간편결제,
2025-08-26,18:47,지출,문화/여가,음악,피오리콘솔레(Fiori con sole),-50000,KRW,Air One (에어원) 스카이패스,
2025-08-26,18:06,이체,카드대금,미분류,신한카드,-2858181,KRW,신한 주거래 우대통장(S-lite),
2025-08-26,17:26,지출,주거/통신,관리비,아파트관리비,-252540,KRW,Air One (에어원) 스카이패스,
2025-08-26,15:57,이체,이체,미분류,오석규,-400000,KRW,신한 주거래 우대통장(S-lite),
2025-08-26,15:05,지출,금융,보험,삼성화재해상보험(주),-277400,KRW,Air One (에어원) 스카이패스,
2025-08-26,12:44,지출,문화/여가,취미/체험,원밀,-6305,KRW,Air One (에어원) 스카이패스,
2025-08-26,11:32,수입,금융수입,미분류,신한할인캐쉬백,2753,KRW,신한 주거래 우대통장(S-lite),
2025-08-26,06:05,지출,금융,증권/투자,311243546349,-73720,KRW,신한 주거래 우대통장(S-lite),
2025-08-26,05:52,지출,여행/숙박,해외결제,외화사신금액,-2784660,KRW,저축예금,
2025-08-25,19:14,지출,금융,보험,농협손보098회,-43470,KRW,신한 주거래 우대통장(S-lite),
2025-08-25,18:51,지출,금융,카드,현대카드(주),-510767,KRW,신한 주거래 우대통장(S-lite),
2025-08-25,18:35,지출,금융,이자/대출,한국장학재단,-59438,KRW,신한 주거래 우대통장(S-lite),
2025-08-25,11:53,지출,식비,식재료,씨제이프레시웨이주식회사,-4000,KRW,Air One (에어원) 스카이패스,
2025-08-25,09:04,지출,여행/숙박,해외결제,외화사신금액,-2779440,KRW,저축예금,
2025-08-25,03:43,수입,급여,미분류,급여,5803895,KRW,신한 주거래 우대통장(S-lite),
2025-08-25,01:41,지출,온라인쇼핑,서비스구독,Netflix_INICIS,-17000,KRW,Air One (에어원) 스카이패스,
2025-08-24,19:31,지출,온라인쇼핑,홈쇼핑,주식회사 코리아성지,-31670,KRW,Air One (에어원) 스카이패스,
2025-08-24,14:45,지출,식비,뷔페,주식회사  가우플랜,-8000,KRW,Air One (에어원) 스카이패스,
2025-08-24,09:53,지출,생활,편의점,이마트24 송도캐슬센트럴점,-1000,KRW,Air One (에어원) 스카이패스,
2025-08-24,09:51,지출,식비,한식,김밥천국송도점,-16000,KRW,Air One (에어원) 스카이패스,
2025-08-24,09:39,지출,식비,피자,0123028425483,-400000,KRW,신한 주거래 우대통장(S-lite),
2025-08-24,00:00,지출,교통,대중교통,민자도로 후불교통카드_이동의즐거움,-1300,KRW,Air One (에어원) 스카이패스,
2025-08-24,00:00,지출,교통,대중교통,민자도로 후불교통카드_이동의즐거움,-1300,KRW,Air One (에어원) 스카이패스,
2025-08-23,18:43,지출,온라인쇼핑,서비스구독,유튜브프리미엄,-14900,KRW,Air One (에어원) 스카이패스,
2025-08-23,03:42,수입,금융수입,미분류,이자,1,KRW,MY 입출금통장,
2025-08-22,16:15,지출,문화/여가,취미/체험,폴인,7800,KRW,네이버페이 간편결제,
2025-08-22,15:00,지출,문화/여가,취미/체험,폴인,-7800,KRW,네이버페이 간편결제,
2025-08-22,13:48,이체,이체,미분류,정지훈,50000,KRW,NH주거래우대통장,
2025-08-22,12:25,이체,저축,미분류,THIDA TUN,8400000,KRW,신한 주거래 우대통장(S-lite),
2025-08-21,23:44,지출,온라인쇼핑,결제/충전,ALIPAY CONNECT PTE. LTD,-23760,KRW,카카오페이 간편결제,
2025-08-21,19:46,지출,식비,한식,분식 봄,-4500,KRW,Air One (에어원) 스카이패스,
2025-08-21,19:03,이체,이체,미분류,이은실,28500,KRW,신한 주거래 우대통장(S-lite),
2025-08-21,16:19,지출,식비,식재료,씨제이프레시웨이주식회사,-2000,KRW,Air One (에어원) 스카이패스,
2025-08-20,19:31,지출,뷰티/미용,헤어샵,하르르헤어,-348,KRW,네이버페이 간편결제(포인트),
2025-08-20,19:31,지출,뷰티/미용,헤어샵,하르르헤어,-8652,KRW,네이버페이 간편결제,
2025-08-20,13:11,지출,자동차,통행료,주식회사 더즌,-2700,KRW,카카오페이 간편결제,
2025-08-20,13:11,이체,이체,미분류,카카오페이,-10000,KRW,신한 주거래 우대통장(S-lite),
2025-08-20,11:57,지출,카페/간식,커피/음료,커피볶는 시골커피 서울용산점,-19400,KRW,Air One (에어원) 스카이패스,
2025-08-20,07:12,지출,교통,대중교통,(주)이비카드,-30000,KRW,카카오페이 간편결제,
2025-08-20,07:10,지출,금융,보험,KB손013 08,-13000,KRW,신한 주거래 우대통장(S-lite),
2025-08-19,19:35,지출,식비,한식,분식 봄,-7500,KRW,Air One (에어원) 스카이패스,
2025-08-19,12:35,지출,식비,식재료,씨제이프레시웨이주식회사,-4000,KRW,Air One (에어원) 스카이패스,
2025-08-19,09:23,지출,여행/숙박,해외결제,외화사신금액,-2782860,KRW,저축예금,
2025-08-18,12:28,지출,카페/간식,커피/음료,커피볶는 시골커피 서울용산점,-6000,KRW,Air One (에어원) 스카이패스,
2025-08-18,11:33,지출,패션/쇼핑,패션,오운(own),-23000,KRW,Air One (에어원) 스카이패스,
2025-08-18,10:05,지출,여행/숙박,해외결제,외화사신금액,-2780040,KRW,저축예금,
2025-08-18,07:04,지출,주거/통신,인터넷,LGU+77651357,-33900,KRW,신한 주거래 우대통장(S-lite),
2025-08-18,07:03,지출,주거/통신,인터넷,LGU+84273357,-9900,KRW,신한 주거래 우대통장(S-lite),
2025-08-17,20:06,지출,온라인쇼핑,인터넷쇼핑,나이스_당근페이,-500000,KRW,Air One (에어원) 스카이패스,
2025-08-17,15:24,지출,카페/간식,베이커리,빵명장(주),-22500,KRW,Air One (에어원) 스카이패스,
2025-08-17,14:40,지출,생활,마트,롯데쇼핑(주)롯데마트맥스 금천점,-23000,KRW,Air One (에어원) 스카이패스,
2025-08-17,12:45,지출,생활,마트,롯데쇼핑(주)롯데마트맥스 금천점,-29000,KRW,Air One (에어원) 스카이패스,
2025-08-17,00:00,지출,자동차,통행료,한국도로공사,-900,KRW,Air One (에어원) 스카이패스,
2025-08-16,19:17,지출,온라인쇼핑,홈쇼핑,주식회사 코리아성지,-27200,KRW,Air One (에어원) 스카이패스,
2025-08-16,15:22,지출,여행/숙박,숙박비,에이치투오코리아 주식회사,-1200,KRW,네이버페이 간편결제(포인트),
2025-08-16,15:22,지출,여행/숙박,숙박비,에이치투오코리아 주식회사,-34800,KRW,네이버페이 간편결제,
2025-08-15,16:56,지출,온라인쇼핑,인터넷쇼핑,ALIPAY CONNECT PTE. LTD,-31311,KRW,카카오페이 간편결제,
2025-08-15,13:54,지출,카페/간식,커피/음료,엘그레(LGRE),-3500,KRW,Air One (에어원) 스카이패스,
2025-08-15,09:28,이체,저축,미분류,예금결산이자,0,KRW,우리 SUPER주거래 통장,
2025-08-14,21:54,지출,자동차,주차,스마트로-세외수입(비인증),-2500,KRW,Air One (에어원) 스카이패스,
2025-08-14,21:46,지출,카페/간식,커피/음료,클램블리(부천송내점),-57000,KRW,Air One (에어원) 스카이패스,
2025-08-14,19:47,이체,저축,미분류,THIDA TUN,3000000,KRW,신한 주거래 우대통장(S-lite),
2025-08-14,18:25,지출,금융,이자/대출,한국장학재단,-58510,KRW,신한 주거래 우대통장(S-lite),
2025-08-14,09:12,지출,여행/숙박,해외결제,외화사신금액,-2764820,KRW,저축예금,
2025-08-14,00:00,지출,온라인쇼핑,서비스구독,구글페이먼트코리아 유한회사,1781,KRW,Air One (에어원) 스카이패스,
2025-08-13,09:32,지출,온라인쇼핑,앱스토어,구글플레이,-29000,KRW,Air One (에어원) 스카이패스,
2025-08-13,08:38,지출,온라인쇼핑,인터넷쇼핑,경찰청_이정,-130000,KRW,NH주거래우대통장,
2025-08-13,08:36,이체,이체,미분류,THIDATUN,130000,KRW,NH주거래우대통장,
2025-08-12,19:02,지출,카페/간식,커피/음료,(주)에스씨케이 컴퍼니,-30000,KRW,Air One (에어원) 스카이패스,
,,,,,,,,,
,,,,,,,,,
,,,,,,,,,
,,,,,,,,,
,,,,,,,,,
,,,,,,,,,
,,,,,,,,,
,,,,,,,,,
,,,,,,,,,
,,,,,,,,,
,,,,,,,,,
,,,,,,,,,
,,,,,,,,,
,,,,,,,,,
,,,,,,,,,
,,,,,,,,,
,,,,,,,,,
,,,,,,,,,
,,,,,,,,,
,,,,,,,,,
,,,,,,,,,
,,,,,,,,,
,,,,,,,,,
,,,,,,,,,
,,,,,,,,,
,,,,,,,,,
,,,,,,,,,
,,,,,,,,,
,,,,,,,,,
,,,,,,,,,
,,,,,,,,,
,,,,,,,,,
,,,,,,,,,
,,,,,,,,,
,,,,,,,,,
,,,,,,,,,
,,,,,,,,,
,,,,,,,,,
,,,,,,,,,
,,,,,,,,,
,,,,,,,,,
,,,,,,,,,
,,,,,,,,,
,,,,,,,,,
,,,,,,,,,
,,,,,,,,,
,,,,,,,,,
,,,,,,,,,
,,,,,,,,,
,,,,,,,,,
,,,,,,,,,
,,,,,,,,,
,,,,,,,,,
,,,,,,,,,
,,,,,,,,,
,,,,,,,,,
,,,,,,,,,
,,,,,,,,,
,,,,,,,,,
,,,,,,,,,
,,,,,,,,,
,,,,,,,,,
,,,,,,,,,
,,,,,,,,,
,,,,,,,,,
,,,,,,,,,
,,,,,,,,,
,,,,,,,,,
,,,,,,,,,
,,,,,,,,,
,,,,,,,,,
,,,,,,,,,
,,,,,,,,,
,,,,,,,,,
,,,,,,,,,
,,,,,,,,,
,,,,,,,,,
,,,,,,,,,
,,,,,,,,,
,,,,,,,,,
,,,,,,,,,
,,,,,,,,,
,,,,,,,,,
,,,,,,,,,
,,,,,,,,,
,,,,,,,,,
,,,,,,,,,
,,,,,,,,,
,,,,,,,,,
,,,,,,,,,
,,,,,,,,,
,,,,,,,,,
,,,,,,,,,
,,,,,,,,,
,,,,,,,,,
,,,,,,,,,
,,,,,,,,,
,,,,,,,,,
,,,,,,,,,
,,,,,,,,,
,,,,,,,,,
,,,,,,,,,
,,,,,,,,,
,,,,,,,,,
,,,,,,,,,
,,,,,,,,,
,,,,,,,,,
,,,,,,,,,
,,,,,,,,,
,,,,,,,,,
,,,,,,,,,
,,,,,,,,,
,,,,,,,,,
,,,,,,,,,
,,,,,,,,,
,,,,,,,,,
,,,,,,,,,
,,,,,,,,,
,,,,,,,,,
,,,,,,,,,
,,,,,,,,,
,,,,,,,,,
,,,,,,,,,
,,,,,,,,,
,,,,,,,,,
,,,,,,,,,
,,,,,,,,,
,,,,,,,,,
,,,,,,,,,
,,,,,,,,,
,,,,,,,,,
,,,,,,,,,
,,,,,,,,,
,,,,,,,,,
,,,,,,,,,
,,,,,,,,,
,,,,,,,,,
,,,,,,,,,
,,,,,,,,,
,,,,,,,,,
,,,,,,,,,
,,,,,,,,,
,,,,,,,,,
,,,,,,,,,
,,,,,,,,,
,,,,,,,,,
,,,,,,,,,
,,,,,,,,,
,,,,,,,,,
,,,,,,,,,
,,,,,,,,,
,,,,,,,,,
,,,,,,,,,
,,,,,,,,,
,,,,,,,,,
,,,,,,,,,
,,,,,,,,,
,,,,,,,,,
,,,,,,,,,
,,,,,,,,,
,,,,,,,,,
,,,,,,,,,
,,,,,,,,,
,,,,,,,,,
,,,,,,,,,
,,,,,,,,,
,,,,,,,,,
,,,,,,,,,
,,,,,,,,,
,,,,,,,,,
,,,,,,,,,
,,,,,,,,,
,,,,,,,,,
,,,,,,,,,
,,,,,,,,,
,,,,,,,,,
,,,,,,,,,
,,,,,,,,,
,,,,,,,,,
,,,,,,,,,
,,,,,,,,,
,,,,,,,,,
,,,,,,,,,
,,,,,,,,,
,,,,,,,,,
,,,,,,,,,
,,,,,,,,,
,,,,,,,,,
,,,,,,,,,
,,,,,,,,,
,,,,,,,,,
,,,,,,,,,
,,,,,,,,,
,,,,,,,,,
,,,,,,,,,
,,,,,,,,,
,,,,,,,,,
,,,,,,,,,
,,,,,,,,,
,,,,,,,,,
,,,,,,,,,
,,,,,,,,,
,,,,,,,,,
,,,,,,,,,
,,,,,,,,,
,,,,,,,,,
,,,,,,,,,
,,,,,,,,,
,,,,,,,,,
,,,,,,,,,
,,,,,,,,,
,,,,,,,,,
,,,,,,,,,
,,,,,,,,,
,,,,,,,,,
,,,,,,,,,
,,,,,,,,,
,,,,,,,,,
,,,,,,,,,
,,,,,,,,,
,,,,,,,,,
,,,,,,,,,
,,,,,,,,,
,,,,,,,,,
,,,,,,,,,
,,,,,,,,,
,,,,,,,,,
,,,,,,,,,
,,,,,,,,,
,,,,,,,,,
,,,,,,,,,
,,,,,,,,,
,,,,,,,,,
,,,,,,,,,
,,,,,,,,,
,,,,,,,,,
,,,,,,,,,
,,,,,,,,,
,,,,,,,,,
,,,,,,,,,
,,,,,,,,,
,,,,,,,,,
,,,,,,,,,
,,,,,,,,,
,,,,,,,,,
,,,,,,,,,
,,,,,,,,,
,,,,,,,,,
,,,,,,,,,
,,,,,,,,,
,,,,,,,,,
,,,,,,,,,
,,,,,,,,,
,,,,,,,,,
,,,,,,,,,
,,,,,,,,,
,,,,,,,,,
,,,,,,,,,
,,,,,,,,,
,,,,,,,,,
,,,,,,,,,
,,,,,,,,,
,,,,,,,,,
,,,,,,,,,
,,,,,,,,,
,,,,,,,,,
,,,,,,,,,
,,,,,,,,,
,,,,,,,,,
,,,,,,,,,
,,,,,,,,,
,,,,,,,,,
,,,,,,,,,
,,,,,,,,,
,,,,,,,,,
,,,,,,,,,
,,,,,,,,,
,,,,,,,,,
,,,,,,,,,
,,,,,,,,,
,,,,,,,,,
,,,,,,,,,
,,,,,,,,,
,,,,,,,,,
,,,,,,,,,
,,,,,,,,,
,,,,,,,,,
,,,,,,,,,
,,,,,,,,,
,,,,,,,,,
,,,,,,,,,
,,,,,,,,,
,,,,,,,,,
,,,,,,,,,
,,,,,,,,,
,,,,,,,,,
,,,,,,,,,
,,,,,,,,,
,,,,,,,,,
,,,,,,,,,
,,,,,,,,,
,,,,,,,,,
,,,,,,,,,
,,,,,,,,,
,,,,,,,,,
,,,,,,,,,
,,,,,,,,,
,,,,,,,,,
,,,,,,,,,
,,,,,,,,,
,,,,,,,,,
,,,,,,,,,
,,,,,,,,,
,,,,,,,,,
,,,,,,,,,
,,,,,,,,,
,,,,,,,,,
,,,,,,,,,
,,,,,,,,,
,,,,,,,,,
,,,,,,,,,
,,,,,,,,,
,,,,,,,,,
,,,,,,,,,
,,,,,,,,,
,,,,,,,,,
,,,,,,,,,
,,,,,,,,,
,,,,,,,,,
,,,,,,,,,
,,,,,,,,,
,,,,,,,,,
,,,,,,,,,
,,,,,,,,,
,,,,,,,,,
,,,,,,,,,
,,,,,,,,,
,,,,,,,,,
,,,,,,,,,
,,,,,,,,,
,,,,,,,,,
,,,,,,,,,
,,,,,,,,,
,,,,,,,,,
,,,,,,,,,
,,,,,,,,,
,,,,,,,,,
,,,,,,,,,
,,,,,,,,,
,,,,,,,,,
,,,,,,,,,
,,,,,,,,,
,,,,,,,,,
,,,,,,,,,
,,,,,,,,,
,,,,,,,,,
,,,,,,,,,
,,,,,,,,,
,,,,,,,,,
,,,,,,,,,
,,,,,,,,,
,,,,,,,,,
,,,,,,,,,
,,,,,,,,,
,,,,,,,,,
,,,,,,,,,
,,,,,,,,,
,,,,,,,,,
,,,,,,,,,
,,,,,,,,,
,,,,,,,,,
,,,,,,,,,
,,,,,,,,,
,,,,,,,,,
,,,,,,,,,
,,,,,,,,,
,,,,,,,,,
,,,,,,,,,
,,,,,,,,,
,,,,,,,,,
,,,,,,,,,
,,,,,,,,,
,,,,,,,,,
,,,,,,,,,
,,,,,,,,,
,,,,,,,,,
,,,,,,,,,
,,,,,,,,,
,,,,,,,,,
,,,,,,,,,
,,,,,,,,,
,,,,,,,,,
,,,,,,,,,
,,,,,,,,,
,,,,,,,,,
,,,,,,,,,
,,,,,,,,,
,,,,,,,,,
,,,,,,,,,
,,,,,,,,,
,,,,,,,,,
,,,,,,,,,
,,,,,,,,,
,,,,,,,,,
,,,,,,,,,
,,,,,,,,,
,,,,,,,,,
,,,,,,,,,
,,,,,,,,,
,,,,,,,,,
,,,,,,,,,
,,,,,,,,,
,,,,,,,,,
,,,,,,,,,
,,,,,,,,,
,,,,,,,,,
,,,,,,,,,
,,,,,,,,,
,,,,,,,,,
,,,,,,,,,
,,,,,,,,,
